bundled_path	sha256	bytes	identical_original_paths	match_status
reproducibility/workflows/core/MAPT/REPRODUCE.sh	5f2805d0b19528b2c22d2c5e5c9d0c7ea88f4f6d1786e110256b49eb9882cf5a	189	github_release/HyperSpatial-MAP-reproducibility/workflows/MAPT/REPRODUCE.sh;results_v10/hyperspatial_map_t_4d_frozen_20260804_112617/REPRODUCE.sh	MATCHED_IDENTICAL
reproducibility/workflows/core/MAPT/hyperspatial_map_t_core_20260804.py	3f308c8cf04cfa112eedb780b680fa65c770e1741c2c777046d26d361bde6655	11436	build/lib/hyperspatial_map_t_core_20260804.py;github_release/HyperSpatial-MAP-reproducibility/workflows/MAPT/hyperspatial_map_t_core_20260804.py;github_release/HyperSpatial-MAP/src/hyperspatial_map_t_core_20260804.py;hyperspatial_map_t_core_20260804.py	MATCHED_IDENTICAL
reproducibility/workflows/core/MAPT/postprocess_hyperspatial_map_t_20260804.py	38268e60f0d0c6dce9a8beba393da22a1086cf937041bab858278e86abf284d0	12719	github_release/HyperSpatial-MAP-reproducibility/workflows/MAPT/postprocess_hyperspatial_map_t_20260804.py;postprocess_hyperspatial_map_t_20260804.py;results_v10/hyperspatial_map_figure_revision_20260804_142208/00_inventory/original_plotting_scripts/postprocess_hyperspatial_map_t_20260804.py	MATCHED_IDENTICAL
reproducibility/workflows/core/MAPT/run_hyperspatial_map_t_4d_frozen_20260804.py	c2392d939d58d40166a1d54413b3dbcf3f4e9ea26b69e996004fdccb58f64d4c	58759	github_release/HyperSpatial-MAP-reproducibility/workflows/MAPT/run_hyperspatial_map_t_4d_frozen_20260804.py;results_v10/hyperspatial_map_figure_revision_20260804_142208/00_inventory/original_plotting_scripts/run_hyperspatial_map_t_4d_frozen_20260804.py;run_hyperspatial_map_t_4d_frozen_20260804.py	MATCHED_IDENTICAL
reproducibility/workflows/core/dlpfc_2d/dlpfc_common.py	0ffe28a35de6926a7caf55ad91ebd5808d6c9e008bb1df6f64264a99e3edfdc7	12068	analysis/hyperspatial_map_2d_dlpfc/dlpfc_common.py;build/lib/analysis/hyperspatial_map_2d_dlpfc/dlpfc_common.py;github_release/HyperSpatial-MAP-reproducibility/workflows/dlpfc_2d/dlpfc_common.py;github_release/HyperSpatial-MAP/src/analysis/hyperspatial_map_2d_dlpfc/dlpfc_common.py	MATCHED_IDENTICAL
reproducibility/workflows/core/dlpfc_2d/evaluate_phase3.py	c93dee77915bcf61abbe4ee4d1ff696662d45c9d692e7fa521ccbcde501e3ed4	12173	analysis/hyperspatial_map_2d_dlpfc/evaluate_phase3.py;build/lib/analysis/hyperspatial_map_2d_dlpfc/evaluate_phase3.py;github_release/HyperSpatial-MAP-reproducibility/workflows/dlpfc_2d/evaluate_phase3.py	MATCHED_IDENTICAL
reproducibility/workflows/core/dlpfc_2d/extract_target_anchors.py	2fb7c66af31963ee148d8a8fa5d4a1f453df1e36b87abbf4d15fc5a51f96bce6	4390	analysis/hyperspatial_map_2d_dlpfc/extract_target_anchors.py;build/lib/analysis/hyperspatial_map_2d_dlpfc/extract_target_anchors.py;github_release/HyperSpatial-MAP-reproducibility/workflows/dlpfc_2d/extract_target_anchors.py	MATCHED_IDENTICAL
reproducibility/workflows/core/dlpfc_2d/fit_source_direction.py	10448e12ec7ba08538228e43d855ec0417b66119d6391afff59f8a553c7bfb43	9971	analysis/hyperspatial_map_2d_dlpfc/fit_source_direction.py;build/lib/analysis/hyperspatial_map_2d_dlpfc/fit_source_direction.py;github_release/HyperSpatial-MAP-reproducibility/workflows/dlpfc_2d/fit_source_direction.py	MATCHED_IDENTICAL
reproducibility/workflows/core/dlpfc_2d/predict_direction.py	e947ce61e39a587057923e6ab239851e31552f4fa617668a1d9e9e64f34d46bb	10723	analysis/hyperspatial_map_2d_dlpfc/predict_direction.py;build/lib/analysis/hyperspatial_map_2d_dlpfc/predict_direction.py;github_release/HyperSpatial-MAP-reproducibility/workflows/dlpfc_2d/predict_direction.py	MATCHED_IDENTICAL
reproducibility/workflows/core/dlpfc_2d/seal_predictions.py	b3b7eff91bdc2a67ca189dea22b8e9109e70784a6ea12528c3a9d865b66c7d41	2614	analysis/hyperspatial_map_2d_dlpfc/seal_predictions.py;build/lib/analysis/hyperspatial_map_2d_dlpfc/seal_predictions.py;github_release/HyperSpatial-MAP-reproducibility/workflows/dlpfc_2d/seal_predictions.py	MATCHED_IDENTICAL
reproducibility/workflows/core/dlpfc_2d/summarize_phase3.py	2e45c58f91a4c212964e09519433c35e5fdb6a89858d7d71400cd2010cc9ef0d	15540	analysis/hyperspatial_map_2d_dlpfc/summarize_phase3.py;build/lib/analysis/hyperspatial_map_2d_dlpfc/summarize_phase3.py;github_release/HyperSpatial-MAP-reproducibility/workflows/dlpfc_2d/summarize_phase3.py	MATCHED_IDENTICAL
reproducibility/workflows/core/panel_design/run_panel_design_extension.py	b91319959a6fed3c002b316fb75618dd045bc49928f916e398798df9141f8af1	40591	analysis/panel_design_extension/run_panel_design_extension.py;build/lib/analysis/panel_design_extension/run_panel_design_extension.py;github_release/HyperSpatial-MAP-reproducibility/workflows/panel_design/run_panel_design_extension.py;github_release/HyperSpatial-MAP/src/analysis/panel_design_extension/run_panel_design_extension.py	MATCHED_IDENTICAL
reproducibility/workflows/core/present_state/run_hyperspatial_map_stage1_20260803.py	6ece4008d579821799f2eea2ba0abd447b03ea470b90c96090ad6f3f5be49d12	22774	build/lib/run_hyperspatial_map_stage1_20260803.py;github_release/HyperSpatial-MAP-reproducibility/workflows/present_state/run_hyperspatial_map_stage1_20260803.py;github_release/HyperSpatial-MAP/src/run_hyperspatial_map_stage1_20260803.py;run_hyperspatial_map_stage1_20260803.py	MATCHED_IDENTICAL
reproducibility/workflows/core/present_state/run_hyperspatial_map_stage1b_20260803.py	317c5d642541def2e3384ec914c20067b6630dd535aecd4be880bd1a2a550bb6	20808	build/lib/run_hyperspatial_map_stage1b_20260803.py;github_release/HyperSpatial-MAP-reproducibility/workflows/present_state/run_hyperspatial_map_stage1b_20260803.py;github_release/HyperSpatial-MAP/src/run_hyperspatial_map_stage1b_20260803.py;run_hyperspatial_map_stage1b_20260803.py	MATCHED_IDENTICAL
reproducibility/workflows/core/present_state/summarize_hyperspatial_map_cross_stage_frozen_20260803.py	8d1514cca0cd94c4b232a795acfd0b83b82c911e23ed41a3c271b970bacbf943	35804	github_release/HyperSpatial-MAP-reproducibility/workflows/present_state/summarize_hyperspatial_map_cross_stage_frozen_20260803.py	MATCHED_IDENTICAL
reproducibility/workflows/core/residual_biology/__init__.py	370b1dcbef9b5487197f9131f40a9c84b39ad1099208466818eb6c79cbff7d7d	731	MAP_Figure5/analysis (copy)/residual_landscape/__init__.py;analysis/residual_landscape/__init__.py;build/lib/analysis/residual_landscape/__init__.py;github_release/HyperSpatial-MAP-reproducibility/workflows/residual_biology/__init__.py	MATCHED_IDENTICAL
reproducibility/workflows/core/residual_biology/annotation.py	80d19555b56b19e30915d6ded66bc041a1563d891fd04746cc8a8267b3ab12af	6743	MAP_Figure5/analysis (copy)/residual_landscape/annotation.py;analysis/residual_landscape/annotation.py;build/lib/analysis/residual_landscape/annotation.py;github_release/HyperSpatial-MAP-reproducibility/workflows/residual_biology/annotation.py	MATCHED_IDENTICAL
reproducibility/workflows/core/residual_biology/config.py	5a7d5e14a763ba8ac07bdf6a0c20c24af05a4deaf4ec5460fe188c4f7d2413ce	5568	MAP_Figure5/analysis (copy)/residual_landscape/config.py;analysis/residual_landscape/config.py;build/lib/analysis/residual_landscape/config.py;github_release/HyperSpatial-MAP-reproducibility/workflows/residual_biology/config.py	MATCHED_IDENTICAL
reproducibility/workflows/core/residual_biology/confounds.py	a8764f470587f46b13754e546ae9e26a195eaf24b49c14e3a4e0be19f8c9e61c	11184	MAP_Figure5/analysis (copy)/residual_landscape/confounds.py;analysis/residual_landscape/confounds.py;build/lib/analysis/residual_landscape/confounds.py;github_release/HyperSpatial-MAP-reproducibility/workflows/residual_biology/confounds.py	MATCHED_IDENTICAL
reproducibility/workflows/core/residual_biology/figure5.py	ad8b5291a730982f779adc27c2f1632e3df43893f9fb402afb81e0638b1558af	51882	MAP_Figure5/analysis (copy)/residual_landscape/figure5.py;analysis/residual_landscape/figure5.py;build/lib/analysis/residual_landscape/figure5.py;github_release/HyperSpatial-MAP-reproducibility/workflows/residual_biology/figure5.py	MATCHED_IDENTICAL
reproducibility/workflows/core/residual_biology/io_frozen.py	b3478b83a4d35de196b73235b228bd1bcb153f2e6af22b127a9c37aac4b8b46c	7445	MAP_Figure5/analysis (copy)/residual_landscape/io_frozen.py;analysis/residual_landscape/io_frozen.py;build/lib/analysis/residual_landscape/io_frozen.py;github_release/HyperSpatial-MAP-reproducibility/workflows/residual_biology/io_frozen.py	MATCHED_IDENTICAL
reproducibility/workflows/core/residual_biology/report.py	85d9c425fd8b29d9eb5803f4c937983b112078cd05a3ab6da175291c56954508	20858	MAP_Figure5/analysis (copy)/residual_landscape/report.py;analysis/residual_landscape/report.py;build/lib/analysis/residual_landscape/report.py;github_release/HyperSpatial-MAP-reproducibility/workflows/residual_biology/report.py	MATCHED_IDENTICAL
reproducibility/workflows/core/residual_biology/residual_fields.py	49d10bfd49f122dac930ab46cf759428be202d1ee0941ba716f1b077eacc65b0	5357	MAP_Figure5/analysis (copy)/residual_landscape/residual_fields.py;analysis/residual_landscape/residual_fields.py;build/lib/analysis/residual_landscape/residual_fields.py;github_release/HyperSpatial-MAP-reproducibility/workflows/residual_biology/residual_fields.py	MATCHED_IDENTICAL
reproducibility/workflows/core/residual_biology/run_audit.py	dc85fa18cc3a9a862944c287d1fab86e8a2296fd49c155dc83c9fc6ada2206bd	8954	MAP_Figure5/analysis (copy)/residual_landscape/run_audit.py;analysis/residual_landscape/run_audit.py;build/lib/analysis/residual_landscape/run_audit.py;github_release/HyperSpatial-MAP-reproducibility/workflows/residual_biology/run_audit.py	MATCHED_IDENTICAL
reproducibility/workflows/core/residual_biology/structure.py	00479c8a1dbeae69060bb484e5825e21b9fe7acb66a252f4688ff7729724e59b	7030	MAP_Figure5/analysis (copy)/residual_landscape/structure.py;analysis/residual_landscape/structure.py;build/lib/analysis/residual_landscape/structure.py;github_release/HyperSpatial-MAP-reproducibility/workflows/residual_biology/structure.py	MATCHED_IDENTICAL
reproducibility/workflows/manuscript/figure_01/build_figure1.py	f6a0851731f1e9fe6f9f69554d6b1deceaf28f8259f528fe3ad611814ebc460e	24795	figure1_redesign/assets/build_figure1.py;github_release/HyperSpatial-MAP-reproducibility/figures/figure_1.py	MATCHED_IDENTICAL
reproducibility/workflows/manuscript/figure_02/build_figure2_external_revision.py	13a94c81b227e31167124bb743cb3f9c33274d0850bcbaf386f0b586343572ba	32811	PI_revision/Figure2_external_benchmark_revision_20260817_160248/build_figure2_external_revision.py	MATCHED_IDENTICAL
reproducibility/workflows/manuscript/figure_02/build_figure_revision.py	8e60ed5f6ab9b3fd8044ce30dd2ca84f7e625d5bcc007e4713e662081a344043	46193	results_v10/hyperspatial_map_figure_revision_20260804_142208/build_figure_revision.py	MATCHED_IDENTICAL
reproducibility/workflows/manuscript/figure_02/fix_figure2_panel_e_vector_render.py	5bde3d4cde7c0e6612014a464d8e8dbe4ebff0dc9bead0a5323478d77a67a0b1	1971	PI_revision/Figure2_external_benchmark_revision_20260817_160248/fix_figure2_panel_e_vector_render.py	MATCHED_IDENTICAL
reproducibility/workflows/manuscript/figure_02/generate_figure3_corrected.py	91047f124fa374501cfe10da3187eb95268347d69b3198bf32753eaa3b37d133	10112	results_v10/hyperspatial_map_figure3_correction_20260804_164109/generate_figure3_corrected.py	MATCHED_IDENTICAL
reproducibility/workflows/manuscript/figure_02/generate_wnt11f2_cross_stage_panels.py	825f4c0807e0e3ceda16ecf9db923f357d082ad5919f65b162ed7b4e9570bfe1	5746	PI_revision/Figure2_external_benchmark_revision_20260817_160248/generate_wnt11f2_cross_stage_panels.py	MATCHED_IDENTICAL
reproducibility/workflows/manuscript/figure_02/refine_figure2_panel_d_layout.py	90ecb66824465d91cbc0ab3431c4ae9e7f8ade0dc9c92e14bd1982cc762a4239	1582	PI_revision/Figure2_external_benchmark_revision_20260817_160248/refine_figure2_panel_d_layout.py	MATCHED_IDENTICAL
reproducibility/workflows/manuscript/figure_02/regenerate_external_comparator_figure.py	11f1e88f8946fa075f4ff7aeefe509f5cbd45fbff8fb2344152d36190de9896b	15264	PI_revision/02C_gimvi_transimpspa_figure_revision_20260817_154438/scripts/regenerate_external_comparator_figure.py	MATCHED_IDENTICAL
reproducibility/workflows/manuscript/figure_02/render_fixed_vector_exports.py	eab9e13f16a4ed5d282f1527e9c0c6cdff6eea151fce85052aa2a0f31e7ea345	2788	results_v10/hyperspatial_map_figure3_correction_20260804_164109/render_fixed_vector_exports.py	MATCHED_IDENTICAL
reproducibility/workflows/manuscript/figure_02/run_hyperspatial_map_gimvi_baseline_20260805.py	519931ec5b402681813f5d4b2a4d26171c1ee6509c293a87f83e9dcc70ed00f5	21544	run_hyperspatial_map_gimvi_baseline_20260805.py	MATCHED_IDENTICAL
reproducibility/workflows/manuscript/figure_02/run_transimpspa_benchmark.py	3ee164e2b36df94be7735dac499e83c4c1645e2702983d3d482abeda26324f01	32909	PI_revision/02B_spatial_reconstruction_comparator_20260817_132013/scripts/run_transimpspa_benchmark.py	MATCHED_IDENTICAL
reproducibility/workflows/manuscript/figure_03/build_s1_spateo_extension.py	6046e18da5c6485472125de7f4a41ba2690859a3dbc71ee46162445560861c8f	8315	PI_revision/Revision/Revision/Additional_Methods/01_registration_qc_spateo_extension_20260818/build_s1_spateo_extension.py;results_v10/supplement_nature_methods_20260809/01_registration_qc_spateo_extension_20260818/build_s1_spateo_extension.py	MATCHED_IDENTICAL
reproducibility/workflows/manuscript/figure_03/build_s6_nb_append.py	cc1851d9a2497a1cdd8d16d94a5638052680c8c38335f703d5b371f2c409fbe9	12162	PI_revision/Revision/Revision/Additional_Methods/S6_NB_null_append_20260818_132918/scripts/build_s6_nb_append.py;PI_revision/S6_NB_null_append_20260818_132918/scripts/build_s6_nb_append.py	MATCHED_IDENTICAL
reproducibility/workflows/manuscript/figure_03/residual_landscape/__init__.py	370b1dcbef9b5487197f9131f40a9c84b39ad1099208466818eb6c79cbff7d7d	731	MAP_Figure5/analysis (copy)/residual_landscape/__init__.py;analysis/residual_landscape/__init__.py;build/lib/analysis/residual_landscape/__init__.py;github_release/HyperSpatial-MAP-reproducibility/workflows/residual_biology/__init__.py	MATCHED_IDENTICAL
reproducibility/workflows/manuscript/figure_03/residual_landscape/annotation.py	80d19555b56b19e30915d6ded66bc041a1563d891fd04746cc8a8267b3ab12af	6743	MAP_Figure5/analysis (copy)/residual_landscape/annotation.py;analysis/residual_landscape/annotation.py;build/lib/analysis/residual_landscape/annotation.py;github_release/HyperSpatial-MAP-reproducibility/workflows/residual_biology/annotation.py	MATCHED_IDENTICAL
reproducibility/workflows/manuscript/figure_03/residual_landscape/config.py	5a7d5e14a763ba8ac07bdf6a0c20c24af05a4deaf4ec5460fe188c4f7d2413ce	5568	MAP_Figure5/analysis (copy)/residual_landscape/config.py;analysis/residual_landscape/config.py;build/lib/analysis/residual_landscape/config.py;github_release/HyperSpatial-MAP-reproducibility/workflows/residual_biology/config.py	MATCHED_IDENTICAL
reproducibility/workflows/manuscript/figure_03/residual_landscape/confounds.py	a8764f470587f46b13754e546ae9e26a195eaf24b49c14e3a4e0be19f8c9e61c	11184	MAP_Figure5/analysis (copy)/residual_landscape/confounds.py;analysis/residual_landscape/confounds.py;build/lib/analysis/residual_landscape/confounds.py;github_release/HyperSpatial-MAP-reproducibility/workflows/residual_biology/confounds.py	MATCHED_IDENTICAL
reproducibility/workflows/manuscript/figure_03/residual_landscape/figure5.py	ad8b5291a730982f779adc27c2f1632e3df43893f9fb402afb81e0638b1558af	51882	MAP_Figure5/analysis (copy)/residual_landscape/figure5.py;analysis/residual_landscape/figure5.py;build/lib/analysis/residual_landscape/figure5.py;github_release/HyperSpatial-MAP-reproducibility/workflows/residual_biology/figure5.py	MATCHED_IDENTICAL
reproducibility/workflows/manuscript/figure_03/residual_landscape/io_frozen.py	b3478b83a4d35de196b73235b228bd1bcb153f2e6af22b127a9c37aac4b8b46c	7445	MAP_Figure5/analysis (copy)/residual_landscape/io_frozen.py;analysis/residual_landscape/io_frozen.py;build/lib/analysis/residual_landscape/io_frozen.py;github_release/HyperSpatial-MAP-reproducibility/workflows/residual_biology/io_frozen.py	MATCHED_IDENTICAL
reproducibility/workflows/manuscript/figure_03/residual_landscape/report.py	85d9c425fd8b29d9eb5803f4c937983b112078cd05a3ab6da175291c56954508	20858	MAP_Figure5/analysis (copy)/residual_landscape/report.py;analysis/residual_landscape/report.py;build/lib/analysis/residual_landscape/report.py;github_release/HyperSpatial-MAP-reproducibility/workflows/residual_biology/report.py	MATCHED_IDENTICAL
reproducibility/workflows/manuscript/figure_03/residual_landscape/residual_fields.py	49d10bfd49f122dac930ab46cf759428be202d1ee0941ba716f1b077eacc65b0	5357	MAP_Figure5/analysis (copy)/residual_landscape/residual_fields.py;analysis/residual_landscape/residual_fields.py;build/lib/analysis/residual_landscape/residual_fields.py;github_release/HyperSpatial-MAP-reproducibility/workflows/residual_biology/residual_fields.py	MATCHED_IDENTICAL
reproducibility/workflows/manuscript/figure_03/residual_landscape/run_audit.py	dc85fa18cc3a9a862944c287d1fab86e8a2296fd49c155dc83c9fc6ada2206bd	8954	MAP_Figure5/analysis (copy)/residual_landscape/run_audit.py;analysis/residual_landscape/run_audit.py;build/lib/analysis/residual_landscape/run_audit.py;github_release/HyperSpatial-MAP-reproducibility/workflows/residual_biology/run_audit.py	MATCHED_IDENTICAL
reproducibility/workflows/manuscript/figure_03/residual_landscape/structure.py	00479c8a1dbeae69060bb484e5825e21b9fe7acb66a252f4688ff7729724e59b	7030	MAP_Figure5/analysis (copy)/residual_landscape/structure.py;analysis/residual_landscape/structure.py;build/lib/analysis/residual_landscape/structure.py;github_release/HyperSpatial-MAP-reproducibility/workflows/residual_biology/structure.py	MATCHED_IDENTICAL
reproducibility/workflows/manuscript/figure_03/run_nb_null.py	107bb03e551d997b9fb1cca10df0ba9eee513125e1c776f9b0409a912f0664d2	20862	PI_revision/03_overdispersed_residual_null_20260818_112038/scripts/run_nb_null.py	MATCHED_IDENTICAL
reproducibility/workflows/manuscript/figure_03/run_panel_design_extension.py	b91319959a6fed3c002b316fb75618dd045bc49928f916e398798df9141f8af1	40591	analysis/panel_design_extension/run_panel_design_extension.py;build/lib/analysis/panel_design_extension/run_panel_design_extension.py;github_release/HyperSpatial-MAP-reproducibility/workflows/panel_design/run_panel_design_extension.py;github_release/HyperSpatial-MAP/src/analysis/panel_design_extension/run_panel_design_extension.py	MATCHED_IDENTICAL
reproducibility/workflows/manuscript/figure_04/build_corrected_figures.py	abcf8836d49ad50b8fa53d9b8210c9c2f38c60b5eddaedfc5f6ec4acb8928d2b	43252	results_v10/hyperspatial_map_figure_corrections_20260804_160654/build_corrected_figures.py	MATCHED_IDENTICAL
reproducibility/workflows/manuscript/figure_04/hyperspatial_map_t_core_20260804.py	3f308c8cf04cfa112eedb780b680fa65c770e1741c2c777046d26d361bde6655	11436	build/lib/hyperspatial_map_t_core_20260804.py;github_release/HyperSpatial-MAP-reproducibility/workflows/MAPT/hyperspatial_map_t_core_20260804.py;github_release/HyperSpatial-MAP/src/hyperspatial_map_t_core_20260804.py;hyperspatial_map_t_core_20260804.py	MATCHED_IDENTICAL
reproducibility/workflows/manuscript/figure_04/postprocess_hyperspatial_map_t_20260804.py	38268e60f0d0c6dce9a8beba393da22a1086cf937041bab858278e86abf284d0	12719	github_release/HyperSpatial-MAP-reproducibility/workflows/MAPT/postprocess_hyperspatial_map_t_20260804.py;postprocess_hyperspatial_map_t_20260804.py;results_v10/hyperspatial_map_figure_revision_20260804_142208/00_inventory/original_plotting_scripts/postprocess_hyperspatial_map_t_20260804.py	MATCHED_IDENTICAL
reproducibility/workflows/manuscript/figure_04/run_hyperspatial_map_t_4d_frozen_20260804.py	c2392d939d58d40166a1d54413b3dbcf3f4e9ea26b69e996004fdccb58f64d4c	58759	github_release/HyperSpatial-MAP-reproducibility/workflows/MAPT/run_hyperspatial_map_t_4d_frozen_20260804.py;results_v10/hyperspatial_map_figure_revision_20260804_142208/00_inventory/original_plotting_scripts/run_hyperspatial_map_t_4d_frozen_20260804.py;run_hyperspatial_map_t_4d_frozen_20260804.py	MATCHED_IDENTICAL
reproducibility/workflows/manuscript/figure_05/00_download_aliyun_share.py	86311d4ba6e02fd00e9665faa895573a53398dbf5c739619f9deb852bdb3e56e	2722	PI_revision/24_SPATCH_cross_platform_CosMx_Stereo_20260824_171656/scripts/00_download_aliyun_share.py	MATCHED_IDENTICAL
reproducibility/workflows/manuscript/figure_05/01_build_cosmx_8um.py	72be390cfc3ff8672c97b4ed2a9d5e5c21e9faaf3a0cc127578e478bffa6aa96	13625	PI_revision/24_SPATCH_cross_platform_CosMx_Stereo_20260824_171656/scripts/01_build_cosmx_8um.py	MATCHED_IDENTICAL
reproducibility/workflows/manuscript/figure_05/01_build_manuscript_package.py	5816a24417d8532e52d51e7f1e840d9f049ac1e30a031bc5cacc9f2ccb951014	18310	PI_revision/23_SPATCH_cross_platform_MAP_IDW_only_20260824_165217/scripts/01_build_manuscript_package.py	MATCHED_IDENTICAL
reproducibility/workflows/manuscript/figure_05/01_build_merged_figure.py	2591f25d151a14a822973e0396815379f2fc73fcbcb166e8c730b6600ea2f5d4	26558	PI_revision/25_SPATCH_merged_cross_platform_main_figure_20260825_103003/scripts/01_build_merged_figure.py	MATCHED_IDENTICAL
reproducibility/workflows/manuscript/figure_05/01_build_xenium_8um.py	18a3274381358c430e599aa68cb0726dfbc300ba3d5326c0e96b18f65c46672f	10532	PI_revision/23_SPATCH_cross_platform_MAP_20260824_111004/scripts/01_build_xenium_8um.py	MATCHED_IDENTICAL
reproducibility/workflows/manuscript/figure_05/01b_write_pairing_audit.py	5b6600703b9095f20b9957cb976d18aa6d9d8630a2d32d8582c78710d0f68346	4995	PI_revision/24_SPATCH_cross_platform_CosMx_Stereo_20260824_171656/scripts/01b_write_pairing_audit.py	MATCHED_IDENTICAL
reproducibility/workflows/manuscript/figure_05/02_freeze_source_and_geometry.py	a22eec39eb1fe7a7f8ad146733351e8ad39b8e7123fd5ee3a51aef6a1102b5e8	20243	PI_revision/23_SPATCH_cross_platform_MAP_20260824_111004/scripts/02_freeze_source_and_geometry.py	MATCHED_IDENTICAL
reproducibility/workflows/manuscript/figure_05/02_make_main_figure.py	440260d5875fb75eff3f2414323645552c6cd556ca2e49bc9819c10cb57db703	9969	PI_revision/23_SPATCH_cross_platform_MAP_IDW_only_20260824_165217/scripts/02_make_main_figure.py	MATCHED_IDENTICAL
reproducibility/workflows/manuscript/figure_05/03_extract_anchors_predict_and_lock.py	b1757012f9f26a32b606baffedba3f04bdcfcefe8dd3e550e2cff6b9c5f2996d	10369	PI_revision/23_SPATCH_cross_platform_MAP_20260824_111004/scripts/03_extract_anchors_predict_and_lock.py	MATCHED_IDENTICAL
reproducibility/workflows/manuscript/figure_05/03_finalize_validate.py	3b4781b48899c98f2d3e15489c7d4ff16a64c1d24274da26caa3a657903d9d9b	7057	PI_revision/23_SPATCH_cross_platform_MAP_IDW_only_20260824_165217/scripts/03_finalize_validate.py	MATCHED_IDENTICAL
reproducibility/workflows/manuscript/figure_05/04_consolidate_prediction_lock.py	739997ed2fa6ebe7898133caa4970ebbd009ccfb1724e46c8e7723989735aab4	2344	PI_revision/23_SPATCH_cross_platform_MAP_20260824_111004/scripts/04_consolidate_prediction_lock.py	MATCHED_IDENTICAL
reproducibility/workflows/manuscript/figure_05/04b_hash_preunlock.py	7f9df7ea0ca99a9528febcc02dd5a6cdd95ad06f7a77532fa440689ecbe29320	1472	PI_revision/24_SPATCH_cross_platform_CosMx_Stereo_20260824_171656/scripts/04b_hash_preunlock.py	MATCHED_IDENTICAL
reproducibility/workflows/manuscript/figure_05/05_open_hidden_and_evaluate.py	4656ee1615abbf06976b2f8190e78b208674839e3117cc21eb1dc9dab771c8b2	7398	PI_revision/23_SPATCH_cross_platform_MAP_20260824_111004/scripts/05_open_hidden_and_evaluate.py	MATCHED_IDENTICAL
reproducibility/workflows/manuscript/figure_05/06_consolidate_cosmx_results.py	7108a3bcf1e4edb0fc956a1204424ff8d23b284dd5adb9045f2cd23aea635cf7	15850	PI_revision/24_SPATCH_cross_platform_CosMx_Stereo_20260824_171656/scripts/06_consolidate_cosmx_results.py	MATCHED_IDENTICAL
reproducibility/workflows/manuscript/figure_05/06_consolidate_results_and_reports.py	80315f6f3b644b5540330e6a0cbddf5beeb5eb5c72e94e6e646449aa984bfe62	12213	PI_revision/23_SPATCH_cross_platform_MAP_20260824_111004/scripts/06_consolidate_results_and_reports.py	MATCHED_IDENTICAL
reproducibility/workflows/manuscript/figure_05/07_make_cosmx_figure.py	e7473e66a3f880a3af644f1ad10ec047e6fa827a12390ea854b770bf7759e7c2	8765	PI_revision/24_SPATCH_cross_platform_CosMx_Stereo_20260824_171656/scripts/07_make_cosmx_figure.py	MATCHED_IDENTICAL
reproducibility/workflows/manuscript/figure_05/07_make_figure.py	238823fe8153d572569e6648e9e7433bdc7aaf5d699589a4f6e73a33f765a49c	9336	PI_revision/23_SPATCH_cross_platform_MAP_20260824_111004/scripts/07_make_figure.py	MATCHED_IDENTICAL
reproducibility/workflows/manuscript/figure_05/08_finalize_hashes_and_summary.py	695e176ff8a005ecf9b74cd82af05ac12ff7312aaab0a9a8d5c305f7a5199356	2985	PI_revision/24_SPATCH_cross_platform_CosMx_Stereo_20260824_171656/scripts/08_finalize_hashes_and_summary.py	MATCHED_IDENTICAL
reproducibility/workflows/manuscript/figure_05/dlpfc_2d/audit_spatiallibd_phase1.R	74f69ba793cc8ca352f2fb9b177b25128d706d54d2f2bf1ebd315ea245887f4b	6434	analysis/hyperspatial_map_2d_dlpfc/audit_spatiallibd_phase1.R	MATCHED_IDENTICAL
reproducibility/workflows/manuscript/figure_05/dlpfc_2d/dlpfc_common.py	0ffe28a35de6926a7caf55ad91ebd5808d6c9e008bb1df6f64264a99e3edfdc7	12068	analysis/hyperspatial_map_2d_dlpfc/dlpfc_common.py;build/lib/analysis/hyperspatial_map_2d_dlpfc/dlpfc_common.py;github_release/HyperSpatial-MAP-reproducibility/workflows/dlpfc_2d/dlpfc_common.py;github_release/HyperSpatial-MAP/src/analysis/hyperspatial_map_2d_dlpfc/dlpfc_common.py	MATCHED_IDENTICAL
reproducibility/workflows/manuscript/figure_05/dlpfc_2d/evaluate_phase3.py	c93dee77915bcf61abbe4ee4d1ff696662d45c9d692e7fa521ccbcde501e3ed4	12173	analysis/hyperspatial_map_2d_dlpfc/evaluate_phase3.py;build/lib/analysis/hyperspatial_map_2d_dlpfc/evaluate_phase3.py;github_release/HyperSpatial-MAP-reproducibility/workflows/dlpfc_2d/evaluate_phase3.py	MATCHED_IDENTICAL
reproducibility/workflows/manuscript/figure_05/dlpfc_2d/export_spot_metadata_phase2.R	192b1151aeac4c0a37b696898eef871964fb99ae337c183ed3ccd5729dcdc567	1651	analysis/hyperspatial_map_2d_dlpfc/export_spot_metadata_phase2.R	MATCHED_IDENTICAL
reproducibility/workflows/manuscript/figure_05/dlpfc_2d/extract_target_anchors.py	2fb7c66af31963ee148d8a8fa5d4a1f453df1e36b87abbf4d15fc5a51f96bce6	4390	analysis/hyperspatial_map_2d_dlpfc/extract_target_anchors.py;build/lib/analysis/hyperspatial_map_2d_dlpfc/extract_target_anchors.py;github_release/HyperSpatial-MAP-reproducibility/workflows/dlpfc_2d/extract_target_anchors.py	MATCHED_IDENTICAL
reproducibility/workflows/manuscript/figure_05/dlpfc_2d/fit_source_direction.py	10448e12ec7ba08538228e43d855ec0417b66119d6391afff59f8a553c7bfb43	9971	analysis/hyperspatial_map_2d_dlpfc/fit_source_direction.py;build/lib/analysis/hyperspatial_map_2d_dlpfc/fit_source_direction.py;github_release/HyperSpatial-MAP-reproducibility/workflows/dlpfc_2d/fit_source_direction.py	MATCHED_IDENTICAL
reproducibility/workflows/manuscript/figure_05/dlpfc_2d/predict_direction.py	e947ce61e39a587057923e6ab239851e31552f4fa617668a1d9e9e64f34d46bb	10723	analysis/hyperspatial_map_2d_dlpfc/predict_direction.py;build/lib/analysis/hyperspatial_map_2d_dlpfc/predict_direction.py;github_release/HyperSpatial-MAP-reproducibility/workflows/dlpfc_2d/predict_direction.py	MATCHED_IDENTICAL
reproducibility/workflows/manuscript/figure_05/dlpfc_2d/seal_predictions.py	b3b7eff91bdc2a67ca189dea22b8e9109e70784a6ea12528c3a9d865b66c7d41	2614	analysis/hyperspatial_map_2d_dlpfc/seal_predictions.py;build/lib/analysis/hyperspatial_map_2d_dlpfc/seal_predictions.py;github_release/HyperSpatial-MAP-reproducibility/workflows/dlpfc_2d/seal_predictions.py	MATCHED_IDENTICAL
reproducibility/workflows/manuscript/figure_05/dlpfc_2d/summarize_phase3.py	2e45c58f91a4c212964e09519433c35e5fdb6a89858d7d71400cd2010cc9ef0d	15540	analysis/hyperspatial_map_2d_dlpfc/summarize_phase3.py;build/lib/analysis/hyperspatial_map_2d_dlpfc/summarize_phase3.py;github_release/HyperSpatial-MAP-reproducibility/workflows/dlpfc_2d/summarize_phase3.py	MATCHED_IDENTICAL
reproducibility/workflows/manuscript/figure_05/run_frozen_xenium_template.py	44eab33d047a2519678f8eb502d368d1f90862e1d6275b2872de9f825acba6fe	1628	PI_revision/24_SPATCH_cross_platform_CosMx_Stereo_20260824_171656/scripts/run_frozen_xenium_template.py	MATCHED_IDENTICAL
reproducibility/workflows/manuscript/figure_06/26_HumanLiver_multidisease_MAP_20260825_110222_MASLD/00_audit_visium_components.py	2e9418d0b8d8bca1c668fb4333cf272e7f2cecc3b78d5ca093163e87db9917e9	3883	PI_revision/26_HumanLiver_multidisease_MAP_20260825_110222_MASLD/scripts/00_audit_visium_components.py	MATCHED_IDENTICAL
reproducibility/workflows/manuscript/figure_06/26_HumanLiver_multidisease_MAP_20260825_110222_MASLD/01_prepare_and_lock_masld.py	27ba9c7929ad00ced216d521a91ea9d2f22e0150c0c2c65e1c9d2d694f7d70cc	29038	PI_revision/26_HumanLiver_multidisease_MAP_20260825_110222_MASLD/scripts/01_prepare_and_lock_masld.py	MATCHED_IDENTICAL
reproducibility/workflows/manuscript/figure_06/26_HumanLiver_multidisease_MAP_20260825_110222_MASLD/02_verify_unlock_evaluate_masld.py	437cd146452f95d10387e10464b2af3fd19d00abae639fa0108f7e940c22889b	17148	PI_revision/26_HumanLiver_multidisease_MAP_20260825_110222_MASLD/scripts/02_verify_unlock_evaluate_masld.py	MATCHED_IDENTICAL
reproducibility/workflows/manuscript/figure_06/26_HumanLiver_multidisease_MAP_20260825_110222_MASLD/03_finalize_reports.py	1bb1775efcff92942ccd50ab61164d73d6270e727330f2034319b29edb176c33	14493	PI_revision/26_HumanLiver_multidisease_MAP_20260825_110222_MASLD/scripts/03_finalize_reports.py	MATCHED_IDENTICAL
reproducibility/workflows/manuscript/figure_06/28_Liver_PSC_MAP_20260825_175802/00_download_geo_processed.sh	f8f9f8333a9fec5f8b10e82c054a8e692f754a4a48ddb24f6e4e932dccd47700	772	PI_revision/28_Liver_PSC_MAP_20260825_175802/scripts/00_download_geo_processed.sh	MATCHED_IDENTICAL
reproducibility/workflows/manuscript/figure_06/28_Liver_PSC_MAP_20260825_175802/01_audit_psc.py	4c70c4070c10b38ec45aa621f9293901b591883b43b6ce8b205419650bae5229	8702	PI_revision/28_Liver_PSC_MAP_20260825_175802/scripts/01_audit_psc.py	MATCHED_IDENTICAL
reproducibility/workflows/manuscript/figure_06/28_Liver_PSC_MAP_20260825_175802/02_prepare_and_lock_psc.py	8601a54583b362878c1ba9d324930e521cdc0cfb3aa59a29c049dc5cc41668f8	17948	PI_revision/28_Liver_PSC_MAP_20260825_175802/scripts/02_prepare_and_lock_psc.py	MATCHED_IDENTICAL
reproducibility/workflows/manuscript/figure_06/28_Liver_PSC_MAP_20260825_175802/03_verify_unlock_evaluate_psc.py	e75482c813c2344ef860b3f1c56141c7879a44b9b0f33feafd44d5daf6760e2c	13866	PI_revision/28_Liver_PSC_MAP_20260825_175802/scripts/03_verify_unlock_evaluate_psc.py	MATCHED_IDENTICAL
reproducibility/workflows/manuscript/figure_06/28_Liver_PSC_MAP_20260825_175802/04_finalize_psc.py	581172e06375d21aa3916c1169592a4f03976600501670eb457095ad1bf1399b	15202	PI_revision/28_Liver_PSC_MAP_20260825_175802/scripts/04_finalize_psc.py	MATCHED_IDENTICAL
reproducibility/workflows/manuscript/figure_06/29_Liver_AlcoholHepatitis_MAP_20260825_182254/00_download_geo_processed.sh	a44c01ff8a0f41c972f9d030d4b4a0ef44b78306506945d5cbfff7757a73d2b2	421	PI_revision/29_Liver_AlcoholHepatitis_MAP_20260825_182254/scripts/00_download_geo_processed.sh	MATCHED_IDENTICAL
reproducibility/workflows/manuscript/figure_06/29_Liver_AlcoholHepatitis_MAP_20260825_182254/02_prepare_and_lock_ah.py	e7bb26fc2f3481e8946091080b10b4bc1a3ad98f7ea2f77e83124b74d7bb3f34	18010	PI_revision/29_Liver_AlcoholHepatitis_MAP_20260825_182254/scripts/02_prepare_and_lock_ah.py	MATCHED_IDENTICAL
reproducibility/workflows/manuscript/figure_06/29_Liver_AlcoholHepatitis_MAP_20260825_182254/02b_finalize_existing_locks.py	27d519776ac5c992cb61994fb43515e5d7cd0506a0d7c8a37086989b3be05473	2303	PI_revision/29_Liver_AlcoholHepatitis_MAP_20260825_182254/scripts/02b_finalize_existing_locks.py	MATCHED_IDENTICAL
reproducibility/workflows/manuscript/figure_06/29_Liver_AlcoholHepatitis_MAP_20260825_182254/03_verify_unlock_evaluate_ah.py	ff2a3af9946627cb1b7d4760975ddca2cb5e2464e80df41d29daf814e8c3e2ef	12019	PI_revision/29_Liver_AlcoholHepatitis_MAP_20260825_182254/scripts/03_verify_unlock_evaluate_ah.py	MATCHED_IDENTICAL
reproducibility/workflows/manuscript/figure_06/29_Liver_AlcoholHepatitis_MAP_20260825_182254/04_finalize_ah.py	a1d027cc134381dbe73aecb5a3394b395640b3b540f0e7e2b7a9a04863a9dac9	6912	PI_revision/29_Liver_AlcoholHepatitis_MAP_20260825_182254/scripts/04_finalize_ah.py	MATCHED_IDENTICAL
reproducibility/workflows/manuscript/figure_06/32_Liver_multidisease_integrated_figure_v2_20260826_101842/build_liver_multidisease_v2.py	cb27152c91525851d961db1f925d92bea622cbd7aca5ed1acf46b543ef3f4bba	22874	PI_revision/32_Liver_multidisease_integrated_figure_v2_20260826_101842/scripts/build_liver_multidisease_v2.py	MATCHED_IDENTICAL
reproducibility/workflows/manuscript/figure_06/32_Liver_multidisease_integrated_figure_v3_20260826_110957/build_liver_multidisease_v3.py	589ac8c124cca2337197b76fdb4168d35a1fd122d7b85035eeaa75301e73a009	17756	PI_revision/32_Liver_multidisease_integrated_figure_v3_20260826_110957/scripts/build_liver_multidisease_v3.py	MATCHED_IDENTICAL
reproducibility/workflows/manuscript/figure_06/32_Liver_multidisease_integrated_figure_v4_20260826_123610/build_liver_multidisease_v4.py	e649af2b3398dfd18cc6058365310172ab84264b2e8e3a78676f7ac638b7d20d	12822	PI_revision/32_Liver_multidisease_integrated_figure_v4_20260826_123610/scripts/build_liver_multidisease_v4.py	MATCHED_IDENTICAL
reproducibility/workflows/manuscript/figure_06/32_Liver_multidisease_integrated_figure_v6_20260826_130904/build_liver_multidisease_v6.py	25d89b46e652069f637acdf3c2523ae6f43a62ba6ff038ff75dea524956c2b27	21651	PI_revision/32_Liver_multidisease_integrated_figure_v6_20260826_130904/scripts/build_liver_multidisease_v6.py	MATCHED_IDENTICAL
reproducibility/workflows/manuscript/figure_06/32_Liver_multidisease_integrated_figure_v7_20260826_135955/build_liver_multidisease_v7.py	638df12ab33a3ffc3f989030d355b30ad2ca145f9da3bba5c9c7c325754a5fa9	6160	PI_revision/32_Liver_multidisease_integrated_figure_v7_20260826_135955/scripts/build_liver_multidisease_v7.py	MATCHED_IDENTICAL
reproducibility/workflows/manuscript/figure_06/32_Liver_multidisease_integrated_figure_v8_20260826_142434/build_liver_multidisease_v8.py	14edaa55a819d086053121ea10589b71d6f52100f4dc9b02e30784b3fda6abbb	2236	PI_revision/32_Liver_multidisease_integrated_figure_v8_20260826_142434/scripts/build_liver_multidisease_v8.py	MATCHED_IDENTICAL
reproducibility/workflows/manuscript/figure_06/32_Liver_multidisease_integrated_figure_v9_20260826_162012/build_liver_multidisease_v9.py	48f695b55fe95477872afbe293262af746c0148a0718fa2b96625890cbceb678	4105	PI_revision/32_Liver_multidisease_integrated_figure_v9_20260826_162012/scripts/build_liver_multidisease_v9.py	MATCHED_IDENTICAL
reproducibility/workflows/manuscript/figure_06/34_Liver_target_withheld_gene_interpretation_20260827_094120/01_lock_candidates_source_only.py	90641b870a59f3e1b00653105de15f7ce012c6e558acbe6dce63ce467b69682f	9077	PI_revision/34_Liver_target_withheld_gene_interpretation_20260827_094120/scripts/01_lock_candidates_source_only.py	MATCHED_IDENTICAL
reproducibility/workflows/manuscript/figure_06/34_Liver_target_withheld_gene_interpretation_20260827_094120/02_evaluate_locked_candidates.py	4f088bc58338b4bfb560d2fdd7c11ed6ee60522bfa6882c4ca858794aa2ed45d	7224	PI_revision/34_Liver_target_withheld_gene_interpretation_20260827_094120/scripts/02_evaluate_locked_candidates.py	MATCHED_IDENTICAL
reproducibility/workflows/manuscript/figure_06/34_Liver_target_withheld_gene_interpretation_20260827_094120/03_render_and_report.py	1a982d7073e0faf1ce309fafe05680d0107ee12f03f7a70341013b6dc1523f10	17399	PI_revision/34_Liver_target_withheld_gene_interpretation_20260827_094120/scripts/03_render_and_report.py	MATCHED_IDENTICAL
reproducibility/workflows/manuscript/figure_06/35_Liver_target_withheld_gene_main_figure_20260827_131229/build_figures.py	b512c28ddee1d4ffff3bd21073e2db4131d11c91c7924bfe6b30b5b4ce0a99e6	14523	PI_revision/35_Liver_target_withheld_gene_main_figure_20260827_131229/scripts/build_figures.py	MATCHED_IDENTICAL
reproducibility/workflows/manuscript/figure_06/36_Liver_target_withheld_gene_figure_visual_refinement_20260827_132522/render_refined.py	d910ee371b78476cde0d7aea0e3b4c0dfa1ee81012a7fbffaa8e64a56c4f5ad5	8484	PI_revision/36_Liver_target_withheld_gene_figure_visual_refinement_20260827_132522/scripts/render_refined.py	MATCHED_IDENTICAL
reproducibility/workflows/manuscript/figure_06/37_Liver_target_withheld_gene_v9style_refinement_20260827_134155/render_v9style.py	8b94e8c227e0f916b88151192156a1d2bb75408189792a4f4054a597cc8ae7d9	6999	PI_revision/37_Liver_target_withheld_gene_v9style_refinement_20260827_134155/scripts/render_v9style.py	MATCHED_IDENTICAL
reproducibility/workflows/manuscript/figure_06/evaluate_output_matched.py	b5efe01fd3b8b06fe9d92f4798681cc4461f242cdbcdabf0aec0435ab17f2619	27321	PI_revision/18_MAP_vs_CONCERT_stroke_20260820_134558/scripts/evaluate_output_matched.py	MATCHED_IDENTICAL
reproducibility/workflows/manuscript/figure_06/run_official_concert_stroke.py	686161e38920b8747602d5cd1969683c518226a0ec5aca5282ddca56e33a1778	6332	PI_revision/18_MAP_vs_CONCERT_stroke_20260820_134558/scripts/run_official_concert_stroke.py	MATCHED_IDENTICAL
reproducibility/workflows/manuscript/figure_06/run_real_stroke_map.py	c1ccd939470dd43dadf2015477ef4dd41f1b4ceb13262a3db185d5a6941ae44d	48510	PI_revision/17_CONCERT_real_stroke_MAP_20260820_100844/scripts/run_real_stroke_map.py	MATCHED_IDENTICAL
reproducibility/workflows/manuscript/supplementary/generate_hyperspatial_map_supplement_20260803.py	08c6431a769c612c22fc6734e962f87f560b59198db49bfe3a7e878474983cbf	23227	generate_hyperspatial_map_supplement_20260803.py	MATCHED_IDENTICAL
reproducibility/workflows/manuscript/supplementary/generate_hyperspatial_supplementary_figures.py	f6e8d25f59a65a6fce46eff5b45a358c76ecb4d0aaa623bf4fa2e44d8cc83e38	20830	generate_hyperspatial_supplementary_figures.py	MATCHED_IDENTICAL
