direction	source_section	target_section	donor	adjacent_pair	seed	method	path	sha256	n_spots	n_genes
151507_to_151508	151507	151508	Br5292	Br5292_pos0	42	registered_nearest_neighbor	results_v10/hyperspatial_map_2d_dlpfc_20260810_101451/04_predictions/151507_to_151508/seed42_registered_nearest_neighbor.npy	613947b41707e9dc3c68c08d1cacdf7237af39ab9c8d806cc8bde5b865de0e8a	4384	6708
151507_to_151508	151507	151508	Br5292	Br5292_pos0	42	registered_idw_k12	results_v10/hyperspatial_map_2d_dlpfc_20260810_101451/04_predictions/151507_to_151508/seed42_registered_idw_k12.npy	e6b7aa4ff46bdedb3b646f095b898f0d3c5885445812d4b3189e75f169bf1d66	4384	6708
151507_to_151508	151507	151508	Br5292	Br5292_pos0	42	atlas_plus_global_anchor_residual	results_v10/hyperspatial_map_2d_dlpfc_20260810_101451/04_predictions/151507_to_151508/seed42_atlas_plus_global_anchor_residual.npy	f45d5f1d8c7c1190dfbb6ab60556d8b3c1748bdd63f499bd900027cf6d961340	4384	6708
151507_to_151508	151507	151508	Br5292	Br5292_pos0	42	atlas_plus_local_anchor_residual	results_v10/hyperspatial_map_2d_dlpfc_20260810_101451/04_predictions/151507_to_151508/seed42_atlas_plus_local_anchor_residual.npy	1cf697faff2d5839ad40302d7b71c5cf710ebe892b890d20c27ec0016b55a2ae	4384	6708
151507_to_151508	151507	151508	Br5292	Br5292_pos0	42	anchor_only_calibrated	results_v10/hyperspatial_map_2d_dlpfc_20260810_101451/04_predictions/151507_to_151508/seed42_anchor_only_calibrated.npy	2e541f7f7c9c1a9ef0decc2316f5f0f495fcdbcdbdbc74f201743da8f79372a4	4384	6708
151507_to_151508	151507	151508	Br5292	Br5292_pos0	42	hyperspatial_map_calibrated_fusion	results_v10/hyperspatial_map_2d_dlpfc_20260810_101451/04_predictions/151507_to_151508/seed42_hyperspatial_map_calibrated_fusion.npy	5da9c5ea9e4646993eabfc7f91017c5d4b135fc8e5e42cff0c4bef1cddf58a6d	4384	6708
151507_to_151508	151507	151508	Br5292	Br5292_pos0	43	registered_nearest_neighbor	results_v10/hyperspatial_map_2d_dlpfc_20260810_101451/04_predictions/151507_to_151508/seed43_registered_nearest_neighbor.npy	1ce9536bb7a051eeddb23cbfd2ad6963b116d7a37e5cee69d370612591e10b42	4384	6708
151507_to_151508	151507	151508	Br5292	Br5292_pos0	43	registered_idw_k12	results_v10/hyperspatial_map_2d_dlpfc_20260810_101451/04_predictions/151507_to_151508/seed43_registered_idw_k12.npy	688ccb274189e32c27c82f46c469f2e892bb7289e0679776aa6e55b272439fda	4384	6708
151507_to_151508	151507	151508	Br5292	Br5292_pos0	43	atlas_plus_global_anchor_residual	results_v10/hyperspatial_map_2d_dlpfc_20260810_101451/04_predictions/151507_to_151508/seed43_atlas_plus_global_anchor_residual.npy	1565bc6081ce5facacc3fb3f30b58178b6e8848002637a43eb6e01f13ae8bf2c	4384	6708
151507_to_151508	151507	151508	Br5292	Br5292_pos0	43	atlas_plus_local_anchor_residual	results_v10/hyperspatial_map_2d_dlpfc_20260810_101451/04_predictions/151507_to_151508/seed43_atlas_plus_local_anchor_residual.npy	b3941b77c50cdd3bfaddceeb94eb39a9aca2b417042d507415b0419380b95cb6	4384	6708
151507_to_151508	151507	151508	Br5292	Br5292_pos0	43	anchor_only_calibrated	results_v10/hyperspatial_map_2d_dlpfc_20260810_101451/04_predictions/151507_to_151508/seed43_anchor_only_calibrated.npy	2e541f7f7c9c1a9ef0decc2316f5f0f495fcdbcdbdbc74f201743da8f79372a4	4384	6708
151507_to_151508	151507	151508	Br5292	Br5292_pos0	43	hyperspatial_map_calibrated_fusion	results_v10/hyperspatial_map_2d_dlpfc_20260810_101451/04_predictions/151507_to_151508/seed43_hyperspatial_map_calibrated_fusion.npy	cd75a0e112660f373aa980da024ee67b1d009c7fd5554ed788cb466292738acc	4384	6708
151507_to_151508	151507	151508	Br5292	Br5292_pos0	44	registered_nearest_neighbor	results_v10/hyperspatial_map_2d_dlpfc_20260810_101451/04_predictions/151507_to_151508/seed44_registered_nearest_neighbor.npy	0a13dd1a7f2dc2e848d93422810fd0a7453e7e63769d0cd1dc568d13f22f4ba5	4384	6708
151507_to_151508	151507	151508	Br5292	Br5292_pos0	44	registered_idw_k12	results_v10/hyperspatial_map_2d_dlpfc_20260810_101451/04_predictions/151507_to_151508/seed44_registered_idw_k12.npy	11bd24e1e9e80c899ec452099c8e49287d7eb8f2f0cc79f92328ff042b349521	4384	6708
151507_to_151508	151507	151508	Br5292	Br5292_pos0	44	atlas_plus_global_anchor_residual	results_v10/hyperspatial_map_2d_dlpfc_20260810_101451/04_predictions/151507_to_151508/seed44_atlas_plus_global_anchor_residual.npy	a283a0e5a6cc1cc19d7da9d1e69c63fb54d1138f9877abfeab11d182a3cd7903	4384	6708
151507_to_151508	151507	151508	Br5292	Br5292_pos0	44	atlas_plus_local_anchor_residual	results_v10/hyperspatial_map_2d_dlpfc_20260810_101451/04_predictions/151507_to_151508/seed44_atlas_plus_local_anchor_residual.npy	f06512d6e2f9992884f30ec77ffb73510f374effb7c1e1f3fefc46883c9ea9d4	4384	6708
151507_to_151508	151507	151508	Br5292	Br5292_pos0	44	anchor_only_calibrated	results_v10/hyperspatial_map_2d_dlpfc_20260810_101451/04_predictions/151507_to_151508/seed44_anchor_only_calibrated.npy	2e541f7f7c9c1a9ef0decc2316f5f0f495fcdbcdbdbc74f201743da8f79372a4	4384	6708
151507_to_151508	151507	151508	Br5292	Br5292_pos0	44	hyperspatial_map_calibrated_fusion	results_v10/hyperspatial_map_2d_dlpfc_20260810_101451/04_predictions/151507_to_151508/seed44_hyperspatial_map_calibrated_fusion.npy	48b192fa1d212fb971f3ed589b245db4acb8d9c1c8f64d640a12816ac812c6e2	4384	6708
151508_to_151507	151508	151507	Br5292	Br5292_pos0	42	registered_nearest_neighbor	results_v10/hyperspatial_map_2d_dlpfc_20260810_101451/04_predictions/151508_to_151507/seed42_registered_nearest_neighbor.npy	2c4576596d48536e0be33c03919b23a4e8987d4fcf24f43ce54e32424b2ddb94	4226	5828
151508_to_151507	151508	151507	Br5292	Br5292_pos0	42	registered_idw_k12	results_v10/hyperspatial_map_2d_dlpfc_20260810_101451/04_predictions/151508_to_151507/seed42_registered_idw_k12.npy	d4d809979c3ab19241816ae2236aecd8175974dbbdb4bf32486da3deb0f4a7e5	4226	5828
151508_to_151507	151508	151507	Br5292	Br5292_pos0	42	atlas_plus_global_anchor_residual	results_v10/hyperspatial_map_2d_dlpfc_20260810_101451/04_predictions/151508_to_151507/seed42_atlas_plus_global_anchor_residual.npy	21c5e4328fda6613873f5f57a0e771c9023e4eaca23b11c3949bf5c9a06f9d18	4226	5828
151508_to_151507	151508	151507	Br5292	Br5292_pos0	42	atlas_plus_local_anchor_residual	results_v10/hyperspatial_map_2d_dlpfc_20260810_101451/04_predictions/151508_to_151507/seed42_atlas_plus_local_anchor_residual.npy	cc50d94e17ca17e10fa92087eea6875d569f58ea656b7f28c5fa3d9c7438bb82	4226	5828
151508_to_151507	151508	151507	Br5292	Br5292_pos0	42	anchor_only_calibrated	results_v10/hyperspatial_map_2d_dlpfc_20260810_101451/04_predictions/151508_to_151507/seed42_anchor_only_calibrated.npy	a1ff8d004b14cd9b6f367417fbd40ac0196d285be2df96f6fd8120ec61d03dc8	4226	5828
151508_to_151507	151508	151507	Br5292	Br5292_pos0	42	hyperspatial_map_calibrated_fusion	results_v10/hyperspatial_map_2d_dlpfc_20260810_101451/04_predictions/151508_to_151507/seed42_hyperspatial_map_calibrated_fusion.npy	90232826d84f37f28c2331d302defe4c28c742ea0f01998d7758c25ef83543ff	4226	5828
151508_to_151507	151508	151507	Br5292	Br5292_pos0	43	registered_nearest_neighbor	results_v10/hyperspatial_map_2d_dlpfc_20260810_101451/04_predictions/151508_to_151507/seed43_registered_nearest_neighbor.npy	1d854bc4d0240719a01f6221901b5a2d8193f7a5d4d080deb61266e87da923e2	4226	5828
151508_to_151507	151508	151507	Br5292	Br5292_pos0	43	registered_idw_k12	results_v10/hyperspatial_map_2d_dlpfc_20260810_101451/04_predictions/151508_to_151507/seed43_registered_idw_k12.npy	b631ba350e2a5175cff3aa2d9b2f349870da1fd802a8c7457c39ab97ec21c82f	4226	5828
151508_to_151507	151508	151507	Br5292	Br5292_pos0	43	atlas_plus_global_anchor_residual	results_v10/hyperspatial_map_2d_dlpfc_20260810_101451/04_predictions/151508_to_151507/seed43_atlas_plus_global_anchor_residual.npy	f2d723f6f3d4ea05f327f0038d9279e03187dba55c140b360bfd094b495eda85	4226	5828
151508_to_151507	151508	151507	Br5292	Br5292_pos0	43	atlas_plus_local_anchor_residual	results_v10/hyperspatial_map_2d_dlpfc_20260810_101451/04_predictions/151508_to_151507/seed43_atlas_plus_local_anchor_residual.npy	4ccc937c46912d722ed9e82fe003bdb8ac61aed1cf2c9238da0318310081af61	4226	5828
151508_to_151507	151508	151507	Br5292	Br5292_pos0	43	anchor_only_calibrated	results_v10/hyperspatial_map_2d_dlpfc_20260810_101451/04_predictions/151508_to_151507/seed43_anchor_only_calibrated.npy	a1ff8d004b14cd9b6f367417fbd40ac0196d285be2df96f6fd8120ec61d03dc8	4226	5828
151508_to_151507	151508	151507	Br5292	Br5292_pos0	43	hyperspatial_map_calibrated_fusion	results_v10/hyperspatial_map_2d_dlpfc_20260810_101451/04_predictions/151508_to_151507/seed43_hyperspatial_map_calibrated_fusion.npy	1ac21730eafaf292fe03d2a8942b88ecd30365849d6ddf4646a7e8b65e5de5e7	4226	5828
151508_to_151507	151508	151507	Br5292	Br5292_pos0	44	registered_nearest_neighbor	results_v10/hyperspatial_map_2d_dlpfc_20260810_101451/04_predictions/151508_to_151507/seed44_registered_nearest_neighbor.npy	b91478e57f7ff8ac491f4f0b5d51aa3e6b015b1ad43a46883022bce0a5589b49	4226	5828
151508_to_151507	151508	151507	Br5292	Br5292_pos0	44	registered_idw_k12	results_v10/hyperspatial_map_2d_dlpfc_20260810_101451/04_predictions/151508_to_151507/seed44_registered_idw_k12.npy	d5751e890525ba33cd407f1313b9a52efef83ef97e8b55fefb09417c619afd30	4226	5828
151508_to_151507	151508	151507	Br5292	Br5292_pos0	44	atlas_plus_global_anchor_residual	results_v10/hyperspatial_map_2d_dlpfc_20260810_101451/04_predictions/151508_to_151507/seed44_atlas_plus_global_anchor_residual.npy	7ab249d3a823922fd0cac7bed52987df520e81c6dac839170b363a3d38561be0	4226	5828
151508_to_151507	151508	151507	Br5292	Br5292_pos0	44	atlas_plus_local_anchor_residual	results_v10/hyperspatial_map_2d_dlpfc_20260810_101451/04_predictions/151508_to_151507/seed44_atlas_plus_local_anchor_residual.npy	76ac68bfb828b32f45d177732d810b5cb5f537fd7c2bc18e645beb2593fc2f91	4226	5828
151508_to_151507	151508	151507	Br5292	Br5292_pos0	44	anchor_only_calibrated	results_v10/hyperspatial_map_2d_dlpfc_20260810_101451/04_predictions/151508_to_151507/seed44_anchor_only_calibrated.npy	a1ff8d004b14cd9b6f367417fbd40ac0196d285be2df96f6fd8120ec61d03dc8	4226	5828
151508_to_151507	151508	151507	Br5292	Br5292_pos0	44	hyperspatial_map_calibrated_fusion	results_v10/hyperspatial_map_2d_dlpfc_20260810_101451/04_predictions/151508_to_151507/seed44_hyperspatial_map_calibrated_fusion.npy	df7d1bcbda39a5fb794fe61d8aec55a96380a6b3c98ca85f29dea65d9f9f743a	4226	5828
151509_to_151510	151509	151510	Br5292	Br5292_pos300	42	registered_nearest_neighbor	results_v10/hyperspatial_map_2d_dlpfc_20260810_101451/04_predictions/151509_to_151510/seed42_registered_nearest_neighbor.npy	9c50da1028251b6f585ca09f107b3193eeb76114a0166d107fd2fdaae3ec1602	4634	6852
151509_to_151510	151509	151510	Br5292	Br5292_pos300	42	registered_idw_k12	results_v10/hyperspatial_map_2d_dlpfc_20260810_101451/04_predictions/151509_to_151510/seed42_registered_idw_k12.npy	11fcdce13cb1c42062cb804eb4f37ef3c9926853afbc194d41d75e4685814eaf	4634	6852
151509_to_151510	151509	151510	Br5292	Br5292_pos300	42	atlas_plus_global_anchor_residual	results_v10/hyperspatial_map_2d_dlpfc_20260810_101451/04_predictions/151509_to_151510/seed42_atlas_plus_global_anchor_residual.npy	555acaa70df9b32c9fc1bbc40658932e908985beef973ac645b44c0849f9aa6b	4634	6852
151509_to_151510	151509	151510	Br5292	Br5292_pos300	42	atlas_plus_local_anchor_residual	results_v10/hyperspatial_map_2d_dlpfc_20260810_101451/04_predictions/151509_to_151510/seed42_atlas_plus_local_anchor_residual.npy	0157f1955bdcdd1b8841f0c366740027d3e206a5f288c38ecd858b5311daec04	4634	6852
151509_to_151510	151509	151510	Br5292	Br5292_pos300	42	anchor_only_calibrated	results_v10/hyperspatial_map_2d_dlpfc_20260810_101451/04_predictions/151509_to_151510/seed42_anchor_only_calibrated.npy	7d55224006971cdc6009516c4868ac421ccfdd791201f63bfc96e849bddcb088	4634	6852
151509_to_151510	151509	151510	Br5292	Br5292_pos300	42	hyperspatial_map_calibrated_fusion	results_v10/hyperspatial_map_2d_dlpfc_20260810_101451/04_predictions/151509_to_151510/seed42_hyperspatial_map_calibrated_fusion.npy	42b26a86be2472bbbaaab4910677d6b638f422b8e20ba9f0a6bf573cd930e876	4634	6852
151509_to_151510	151509	151510	Br5292	Br5292_pos300	43	registered_nearest_neighbor	results_v10/hyperspatial_map_2d_dlpfc_20260810_101451/04_predictions/151509_to_151510/seed43_registered_nearest_neighbor.npy	7a01275db755e62d6eac4bf0772e8c6bd933d86c1508a9393ed191193cb93b3c	4634	6852
151509_to_151510	151509	151510	Br5292	Br5292_pos300	43	registered_idw_k12	results_v10/hyperspatial_map_2d_dlpfc_20260810_101451/04_predictions/151509_to_151510/seed43_registered_idw_k12.npy	a2fd8dcfce2048cce47fbc229603b10dfbce49d88f54d27c9cd98de6f99d28bb	4634	6852
151509_to_151510	151509	151510	Br5292	Br5292_pos300	43	atlas_plus_global_anchor_residual	results_v10/hyperspatial_map_2d_dlpfc_20260810_101451/04_predictions/151509_to_151510/seed43_atlas_plus_global_anchor_residual.npy	8e0299adfd94fc32411c1ae1a9ac9892325bdba753180e92d1141bd65600d21b	4634	6852
151509_to_151510	151509	151510	Br5292	Br5292_pos300	43	atlas_plus_local_anchor_residual	results_v10/hyperspatial_map_2d_dlpfc_20260810_101451/04_predictions/151509_to_151510/seed43_atlas_plus_local_anchor_residual.npy	ed5dd6b956fdbacb0c30f4059441fd3feb7eab12ea396ca704e70f0d2e3216e2	4634	6852
151509_to_151510	151509	151510	Br5292	Br5292_pos300	43	anchor_only_calibrated	results_v10/hyperspatial_map_2d_dlpfc_20260810_101451/04_predictions/151509_to_151510/seed43_anchor_only_calibrated.npy	7d55224006971cdc6009516c4868ac421ccfdd791201f63bfc96e849bddcb088	4634	6852
151509_to_151510	151509	151510	Br5292	Br5292_pos300	43	hyperspatial_map_calibrated_fusion	results_v10/hyperspatial_map_2d_dlpfc_20260810_101451/04_predictions/151509_to_151510/seed43_hyperspatial_map_calibrated_fusion.npy	3e99ee9b638456f5720121d07beaba6e7927b867a4c805d742f790c192a5ec77	4634	6852
151509_to_151510	151509	151510	Br5292	Br5292_pos300	44	registered_nearest_neighbor	results_v10/hyperspatial_map_2d_dlpfc_20260810_101451/04_predictions/151509_to_151510/seed44_registered_nearest_neighbor.npy	8de22a740f654be733d61df21ea7d648e9de5f65a2cccd47fb080a98b64892a8	4634	6852
151509_to_151510	151509	151510	Br5292	Br5292_pos300	44	registered_idw_k12	results_v10/hyperspatial_map_2d_dlpfc_20260810_101451/04_predictions/151509_to_151510/seed44_registered_idw_k12.npy	69a5fcd51bffff4ee85ba0ef4548d8896e4c26bd90b6f3b05a0a184f90163be5	4634	6852
151509_to_151510	151509	151510	Br5292	Br5292_pos300	44	atlas_plus_global_anchor_residual	results_v10/hyperspatial_map_2d_dlpfc_20260810_101451/04_predictions/151509_to_151510/seed44_atlas_plus_global_anchor_residual.npy	1f666facb26c4079ebae48bebcc285a4176ab527da3f1c20a3f03873b82e43c0	4634	6852
151509_to_151510	151509	151510	Br5292	Br5292_pos300	44	atlas_plus_local_anchor_residual	results_v10/hyperspatial_map_2d_dlpfc_20260810_101451/04_predictions/151509_to_151510/seed44_atlas_plus_local_anchor_residual.npy	8166ac26be5c919428d535d4c0510d7c6845e0b6cc89d51c084226f1b18b54c0	4634	6852
151509_to_151510	151509	151510	Br5292	Br5292_pos300	44	anchor_only_calibrated	results_v10/hyperspatial_map_2d_dlpfc_20260810_101451/04_predictions/151509_to_151510/seed44_anchor_only_calibrated.npy	7d55224006971cdc6009516c4868ac421ccfdd791201f63bfc96e849bddcb088	4634	6852
151509_to_151510	151509	151510	Br5292	Br5292_pos300	44	hyperspatial_map_calibrated_fusion	results_v10/hyperspatial_map_2d_dlpfc_20260810_101451/04_predictions/151509_to_151510/seed44_hyperspatial_map_calibrated_fusion.npy	4e4988956fec493f0ad464fab2b05028db7a8436c3c336f9247bad3965e9ad92	4634	6852
151510_to_151509	151510	151509	Br5292	Br5292_pos300	42	registered_nearest_neighbor	results_v10/hyperspatial_map_2d_dlpfc_20260810_101451/04_predictions/151510_to_151509/seed42_registered_nearest_neighbor.npy	9d918b9d7a587f9b29bdcdb2d827f13cbbf71b4abf8b751e63264e371cd83bf8	4789	6575
151510_to_151509	151510	151509	Br5292	Br5292_pos300	42	registered_idw_k12	results_v10/hyperspatial_map_2d_dlpfc_20260810_101451/04_predictions/151510_to_151509/seed42_registered_idw_k12.npy	2dd6c94ebe568e940eeb7452fe86c1e61cac4d03577280d4d4c168129752a39b	4789	6575
151510_to_151509	151510	151509	Br5292	Br5292_pos300	42	atlas_plus_global_anchor_residual	results_v10/hyperspatial_map_2d_dlpfc_20260810_101451/04_predictions/151510_to_151509/seed42_atlas_plus_global_anchor_residual.npy	048dad10de71c80fe78470e36f2e28a8f44f5a557626ede18c0769a8a9bc4692	4789	6575
151510_to_151509	151510	151509	Br5292	Br5292_pos300	42	atlas_plus_local_anchor_residual	results_v10/hyperspatial_map_2d_dlpfc_20260810_101451/04_predictions/151510_to_151509/seed42_atlas_plus_local_anchor_residual.npy	48f502529944bb9d0062f78d3f133d879c2a8ed53344fa9d79a72e39c97c2ec4	4789	6575
151510_to_151509	151510	151509	Br5292	Br5292_pos300	42	anchor_only_calibrated	results_v10/hyperspatial_map_2d_dlpfc_20260810_101451/04_predictions/151510_to_151509/seed42_anchor_only_calibrated.npy	bcabecb0f53b2c94a7c68574048c6b9582c263fdb7e9f92703515886e5966461	4789	6575
151510_to_151509	151510	151509	Br5292	Br5292_pos300	42	hyperspatial_map_calibrated_fusion	results_v10/hyperspatial_map_2d_dlpfc_20260810_101451/04_predictions/151510_to_151509/seed42_hyperspatial_map_calibrated_fusion.npy	76dbbad3af026519a7c1281fe15d2e34365f97a37a3c9207b3c6710641fdea86	4789	6575
151510_to_151509	151510	151509	Br5292	Br5292_pos300	43	registered_nearest_neighbor	results_v10/hyperspatial_map_2d_dlpfc_20260810_101451/04_predictions/151510_to_151509/seed43_registered_nearest_neighbor.npy	9534bd03dd145e0e24808ce58c1a36acf344177811d652bcfc152043d18518c2	4789	6575
151510_to_151509	151510	151509	Br5292	Br5292_pos300	43	registered_idw_k12	results_v10/hyperspatial_map_2d_dlpfc_20260810_101451/04_predictions/151510_to_151509/seed43_registered_idw_k12.npy	eef300a5803ccc9d589fa18bfec19b1c63cc850a4f6a7856b8634aed022daa88	4789	6575
151510_to_151509	151510	151509	Br5292	Br5292_pos300	43	atlas_plus_global_anchor_residual	results_v10/hyperspatial_map_2d_dlpfc_20260810_101451/04_predictions/151510_to_151509/seed43_atlas_plus_global_anchor_residual.npy	36c7d639abe584409bca25186922fbc555b3644f363ae78d0ae1d54e3cbc7571	4789	6575
151510_to_151509	151510	151509	Br5292	Br5292_pos300	43	atlas_plus_local_anchor_residual	results_v10/hyperspatial_map_2d_dlpfc_20260810_101451/04_predictions/151510_to_151509/seed43_atlas_plus_local_anchor_residual.npy	fe6545023e914ab8aaf8d3f60764e12d62d18e4be60ce4ad28a9781d9c958679	4789	6575
151510_to_151509	151510	151509	Br5292	Br5292_pos300	43	anchor_only_calibrated	results_v10/hyperspatial_map_2d_dlpfc_20260810_101451/04_predictions/151510_to_151509/seed43_anchor_only_calibrated.npy	bcabecb0f53b2c94a7c68574048c6b9582c263fdb7e9f92703515886e5966461	4789	6575
151510_to_151509	151510	151509	Br5292	Br5292_pos300	43	hyperspatial_map_calibrated_fusion	results_v10/hyperspatial_map_2d_dlpfc_20260810_101451/04_predictions/151510_to_151509/seed43_hyperspatial_map_calibrated_fusion.npy	06ff3720a355937addef8511f6473036bd87674303c8e06290fc43e7a5029d0d	4789	6575
151510_to_151509	151510	151509	Br5292	Br5292_pos300	44	registered_nearest_neighbor	results_v10/hyperspatial_map_2d_dlpfc_20260810_101451/04_predictions/151510_to_151509/seed44_registered_nearest_neighbor.npy	98a8d2135c9966f1d9f80e36c42a0adeb8f7d69e4309153346371cd04dcece5f	4789	6575
151510_to_151509	151510	151509	Br5292	Br5292_pos300	44	registered_idw_k12	results_v10/hyperspatial_map_2d_dlpfc_20260810_101451/04_predictions/151510_to_151509/seed44_registered_idw_k12.npy	4b1cc7b48637f5954e8a92465a5f5c8582db4fbbdf2945b0440dcb2530f8409b	4789	6575
151510_to_151509	151510	151509	Br5292	Br5292_pos300	44	atlas_plus_global_anchor_residual	results_v10/hyperspatial_map_2d_dlpfc_20260810_101451/04_predictions/151510_to_151509/seed44_atlas_plus_global_anchor_residual.npy	b93b79650f11bfbaac68a659fe34008ae29003aceb5cbe1074bba0e40d41927e	4789	6575
151510_to_151509	151510	151509	Br5292	Br5292_pos300	44	atlas_plus_local_anchor_residual	results_v10/hyperspatial_map_2d_dlpfc_20260810_101451/04_predictions/151510_to_151509/seed44_atlas_plus_local_anchor_residual.npy	70bda599e3bfb5084240c6d356a9b0a5dd0f81fd3e33711a9d79259f24413969	4789	6575
151510_to_151509	151510	151509	Br5292	Br5292_pos300	44	anchor_only_calibrated	results_v10/hyperspatial_map_2d_dlpfc_20260810_101451/04_predictions/151510_to_151509/seed44_anchor_only_calibrated.npy	bcabecb0f53b2c94a7c68574048c6b9582c263fdb7e9f92703515886e5966461	4789	6575
151510_to_151509	151510	151509	Br5292	Br5292_pos300	44	hyperspatial_map_calibrated_fusion	results_v10/hyperspatial_map_2d_dlpfc_20260810_101451/04_predictions/151510_to_151509/seed44_hyperspatial_map_calibrated_fusion.npy	06b0af67452b2df9e57774c695202bb3bb6eb03a07de0f8f571f68dbd99cef5b	4789	6575
151669_to_151670	151669	151670	Br5595	Br5595_pos0	42	registered_nearest_neighbor	results_v10/hyperspatial_map_2d_dlpfc_20260810_101451/04_predictions/151669_to_151670/seed42_registered_nearest_neighbor.npy	52abb99684d426a819ffb3e754f5bbe3c9f83fb3cc32ba970dbcbf26202c2b32	3498	7970
151669_to_151670	151669	151670	Br5595	Br5595_pos0	42	registered_idw_k12	results_v10/hyperspatial_map_2d_dlpfc_20260810_101451/04_predictions/151669_to_151670/seed42_registered_idw_k12.npy	2dc5dac2d395f37ed8ca86ef1f77ce233575658754023b37a4727865ba4e8c6f	3498	7970
151669_to_151670	151669	151670	Br5595	Br5595_pos0	42	atlas_plus_global_anchor_residual	results_v10/hyperspatial_map_2d_dlpfc_20260810_101451/04_predictions/151669_to_151670/seed42_atlas_plus_global_anchor_residual.npy	9d28f441a3e4f427de63747bd003d2d1936b3b2f11bbe8cb4f8cb66ac1066dc4	3498	7970
151669_to_151670	151669	151670	Br5595	Br5595_pos0	42	atlas_plus_local_anchor_residual	results_v10/hyperspatial_map_2d_dlpfc_20260810_101451/04_predictions/151669_to_151670/seed42_atlas_plus_local_anchor_residual.npy	aeb47080eb44990175ab4b7699847282c15f8330d07d988b42bf893ee8935ada	3498	7970
151669_to_151670	151669	151670	Br5595	Br5595_pos0	42	anchor_only_calibrated	results_v10/hyperspatial_map_2d_dlpfc_20260810_101451/04_predictions/151669_to_151670/seed42_anchor_only_calibrated.npy	0985a21bf6b4e80f3981d64a2348c3382e42b19b0d9e71df62ca4890145ac1db	3498	7970
151669_to_151670	151669	151670	Br5595	Br5595_pos0	42	hyperspatial_map_calibrated_fusion	results_v10/hyperspatial_map_2d_dlpfc_20260810_101451/04_predictions/151669_to_151670/seed42_hyperspatial_map_calibrated_fusion.npy	75d0cb8cbc23ee91816a42ec6f319976cfeca66bb3becccfc4d214282d8d9371	3498	7970
151669_to_151670	151669	151670	Br5595	Br5595_pos0	43	registered_nearest_neighbor	results_v10/hyperspatial_map_2d_dlpfc_20260810_101451/04_predictions/151669_to_151670/seed43_registered_nearest_neighbor.npy	c4638e4feff80b84a667e0e39f340de7e737291bb755638906d20fd73939a89b	3498	7970
151669_to_151670	151669	151670	Br5595	Br5595_pos0	43	registered_idw_k12	results_v10/hyperspatial_map_2d_dlpfc_20260810_101451/04_predictions/151669_to_151670/seed43_registered_idw_k12.npy	fa0871af0af5963db51188c181376d46068e23e123b788d31c3949bb13ec5957	3498	7970
151669_to_151670	151669	151670	Br5595	Br5595_pos0	43	atlas_plus_global_anchor_residual	results_v10/hyperspatial_map_2d_dlpfc_20260810_101451/04_predictions/151669_to_151670/seed43_atlas_plus_global_anchor_residual.npy	f3d5b8713392ab55cd286677761073ab8a9a3abd9a8860a139066d6c8bd1dcf8	3498	7970
151669_to_151670	151669	151670	Br5595	Br5595_pos0	43	atlas_plus_local_anchor_residual	results_v10/hyperspatial_map_2d_dlpfc_20260810_101451/04_predictions/151669_to_151670/seed43_atlas_plus_local_anchor_residual.npy	c73964e577801adcc1ba9592fde82bf29a2b950dd35b8c93b33376f17f9994b9	3498	7970
151669_to_151670	151669	151670	Br5595	Br5595_pos0	43	anchor_only_calibrated	results_v10/hyperspatial_map_2d_dlpfc_20260810_101451/04_predictions/151669_to_151670/seed43_anchor_only_calibrated.npy	0985a21bf6b4e80f3981d64a2348c3382e42b19b0d9e71df62ca4890145ac1db	3498	7970
151669_to_151670	151669	151670	Br5595	Br5595_pos0	43	hyperspatial_map_calibrated_fusion	results_v10/hyperspatial_map_2d_dlpfc_20260810_101451/04_predictions/151669_to_151670/seed43_hyperspatial_map_calibrated_fusion.npy	e404fbcce85c834c2f6a2c3416c80d891c3825f2d0cc4f60a56696ddd9c4369a	3498	7970
151669_to_151670	151669	151670	Br5595	Br5595_pos0	44	registered_nearest_neighbor	results_v10/hyperspatial_map_2d_dlpfc_20260810_101451/04_predictions/151669_to_151670/seed44_registered_nearest_neighbor.npy	9727b2e2d74b2fdc071217ff93f49572d523d89ca8eb623059771f600a753406	3498	7970
151669_to_151670	151669	151670	Br5595	Br5595_pos0	44	registered_idw_k12	results_v10/hyperspatial_map_2d_dlpfc_20260810_101451/04_predictions/151669_to_151670/seed44_registered_idw_k12.npy	f6f4f68448d8ef4b996a1ad5ade7fc51f4e5efe7b5990e44c661b7ed23eeb950	3498	7970
151669_to_151670	151669	151670	Br5595	Br5595_pos0	44	atlas_plus_global_anchor_residual	results_v10/hyperspatial_map_2d_dlpfc_20260810_101451/04_predictions/151669_to_151670/seed44_atlas_plus_global_anchor_residual.npy	ffd71cc8adb1737bcf1658010f8690e26084f57409304573b24c1de9c7e4f50d	3498	7970
151669_to_151670	151669	151670	Br5595	Br5595_pos0	44	atlas_plus_local_anchor_residual	results_v10/hyperspatial_map_2d_dlpfc_20260810_101451/04_predictions/151669_to_151670/seed44_atlas_plus_local_anchor_residual.npy	e170cd5d7058deb19c2fd0ff799a870714cc260faa8661e3eaf0db87c5a9f312	3498	7970
151669_to_151670	151669	151670	Br5595	Br5595_pos0	44	anchor_only_calibrated	results_v10/hyperspatial_map_2d_dlpfc_20260810_101451/04_predictions/151669_to_151670/seed44_anchor_only_calibrated.npy	0985a21bf6b4e80f3981d64a2348c3382e42b19b0d9e71df62ca4890145ac1db	3498	7970
151669_to_151670	151669	151670	Br5595	Br5595_pos0	44	hyperspatial_map_calibrated_fusion	results_v10/hyperspatial_map_2d_dlpfc_20260810_101451/04_predictions/151669_to_151670/seed44_hyperspatial_map_calibrated_fusion.npy	43faedde3d3a27677e50f884f8d7285a9efb0b9dc5dbee5ad3d17d3d186a9ed2	3498	7970
151670_to_151669	151670	151669	Br5595	Br5595_pos0	42	registered_nearest_neighbor	results_v10/hyperspatial_map_2d_dlpfc_20260810_101451/04_predictions/151670_to_151669/seed42_registered_nearest_neighbor.npy	bf35c8425f871e017d0f6edfb1c07070d156576f7e83f07091acfed5ebd436d4	3661	7625
151670_to_151669	151670	151669	Br5595	Br5595_pos0	42	registered_idw_k12	results_v10/hyperspatial_map_2d_dlpfc_20260810_101451/04_predictions/151670_to_151669/seed42_registered_idw_k12.npy	19d5de7d2715a4e7d016915364a9d63a59c7b8ba11ddd05d2d49a117407896d8	3661	7625
151670_to_151669	151670	151669	Br5595	Br5595_pos0	42	atlas_plus_global_anchor_residual	results_v10/hyperspatial_map_2d_dlpfc_20260810_101451/04_predictions/151670_to_151669/seed42_atlas_plus_global_anchor_residual.npy	8d7b71bdc63c8fbeecf459d36737808d48546d91262da3c5a0e935f09c9135d1	3661	7625
151670_to_151669	151670	151669	Br5595	Br5595_pos0	42	atlas_plus_local_anchor_residual	results_v10/hyperspatial_map_2d_dlpfc_20260810_101451/04_predictions/151670_to_151669/seed42_atlas_plus_local_anchor_residual.npy	4a78db20c428d96633c11214d7fdf2388a58b30f7c5094de07fae335bdd94616	3661	7625
151670_to_151669	151670	151669	Br5595	Br5595_pos0	42	anchor_only_calibrated	results_v10/hyperspatial_map_2d_dlpfc_20260810_101451/04_predictions/151670_to_151669/seed42_anchor_only_calibrated.npy	435ecdcd705b6fa898b0f85466920f7288a18d055b5ffc4d5eb5933b127f6332	3661	7625
151670_to_151669	151670	151669	Br5595	Br5595_pos0	42	hyperspatial_map_calibrated_fusion	results_v10/hyperspatial_map_2d_dlpfc_20260810_101451/04_predictions/151670_to_151669/seed42_hyperspatial_map_calibrated_fusion.npy	781ed103279270f3a0c4dd8ab41a6208be65413543ddac6e3f6571e445f03db3	3661	7625
151670_to_151669	151670	151669	Br5595	Br5595_pos0	43	registered_nearest_neighbor	results_v10/hyperspatial_map_2d_dlpfc_20260810_101451/04_predictions/151670_to_151669/seed43_registered_nearest_neighbor.npy	8beb774e08d29449b0e276e77975a6bf8c80ecc83f229062cf76a9049d161fca	3661	7625
151670_to_151669	151670	151669	Br5595	Br5595_pos0	43	registered_idw_k12	results_v10/hyperspatial_map_2d_dlpfc_20260810_101451/04_predictions/151670_to_151669/seed43_registered_idw_k12.npy	145333bbb09a35d6d1e85b47c44aef51349402e051852c1dd7df24745cc641b2	3661	7625
151670_to_151669	151670	151669	Br5595	Br5595_pos0	43	atlas_plus_global_anchor_residual	results_v10/hyperspatial_map_2d_dlpfc_20260810_101451/04_predictions/151670_to_151669/seed43_atlas_plus_global_anchor_residual.npy	94eb1027f37df2892ac1e6bf324f8ae4e456f2c3c4099d1a4c623f7aa8e278ea	3661	7625
151670_to_151669	151670	151669	Br5595	Br5595_pos0	43	atlas_plus_local_anchor_residual	results_v10/hyperspatial_map_2d_dlpfc_20260810_101451/04_predictions/151670_to_151669/seed43_atlas_plus_local_anchor_residual.npy	119f6f5e3593420d436687e82863544e14207b85de2b592aea392338ab9a3869	3661	7625
151670_to_151669	151670	151669	Br5595	Br5595_pos0	43	anchor_only_calibrated	results_v10/hyperspatial_map_2d_dlpfc_20260810_101451/04_predictions/151670_to_151669/seed43_anchor_only_calibrated.npy	435ecdcd705b6fa898b0f85466920f7288a18d055b5ffc4d5eb5933b127f6332	3661	7625
151670_to_151669	151670	151669	Br5595	Br5595_pos0	43	hyperspatial_map_calibrated_fusion	results_v10/hyperspatial_map_2d_dlpfc_20260810_101451/04_predictions/151670_to_151669/seed43_hyperspatial_map_calibrated_fusion.npy	43f196c884ba4c819065569e493b25057f9e3986d4db7b8ef0b56c66b1d1fd2a	3661	7625
151670_to_151669	151670	151669	Br5595	Br5595_pos0	44	registered_nearest_neighbor	results_v10/hyperspatial_map_2d_dlpfc_20260810_101451/04_predictions/151670_to_151669/seed44_registered_nearest_neighbor.npy	533437e1292115f6ad21af77be52d1b9908e65aaf9f9b8cd2f0dfa7dc0808243	3661	7625
151670_to_151669	151670	151669	Br5595	Br5595_pos0	44	registered_idw_k12	results_v10/hyperspatial_map_2d_dlpfc_20260810_101451/04_predictions/151670_to_151669/seed44_registered_idw_k12.npy	aafa7debdc61a7a17f0675fe4aa67150db4700b5323bf0022dd1a321f4e653db	3661	7625
151670_to_151669	151670	151669	Br5595	Br5595_pos0	44	atlas_plus_global_anchor_residual	results_v10/hyperspatial_map_2d_dlpfc_20260810_101451/04_predictions/151670_to_151669/seed44_atlas_plus_global_anchor_residual.npy	6d80e2b8448710e7f7a0aa3b874ef4ec92c3811adc9ab537ee1743958c30dfda	3661	7625
151670_to_151669	151670	151669	Br5595	Br5595_pos0	44	atlas_plus_local_anchor_residual	results_v10/hyperspatial_map_2d_dlpfc_20260810_101451/04_predictions/151670_to_151669/seed44_atlas_plus_local_anchor_residual.npy	cd692f04ca3854af15273b39d8f1e987dcf27fc5479e8d0f9172e3423f7f7669	3661	7625
151670_to_151669	151670	151669	Br5595	Br5595_pos0	44	anchor_only_calibrated	results_v10/hyperspatial_map_2d_dlpfc_20260810_101451/04_predictions/151670_to_151669/seed44_anchor_only_calibrated.npy	435ecdcd705b6fa898b0f85466920f7288a18d055b5ffc4d5eb5933b127f6332	3661	7625
151670_to_151669	151670	151669	Br5595	Br5595_pos0	44	hyperspatial_map_calibrated_fusion	results_v10/hyperspatial_map_2d_dlpfc_20260810_101451/04_predictions/151670_to_151669/seed44_hyperspatial_map_calibrated_fusion.npy	0872ff2d74e4e6a0b591f3f8eea0d2834e9440d2f8b42b8dea66c3b2e76e9f07	3661	7625
151671_to_151672	151671	151672	Br5595	Br5595_pos300	42	registered_nearest_neighbor	results_v10/hyperspatial_map_2d_dlpfc_20260810_101451/04_predictions/151671_to_151672/seed42_registered_nearest_neighbor.npy	8f310a7a2d67ad5f73b9ba8c1d5986411bd1ddb06a459d6bf4dcadd81fdc3609	4015	8201
151671_to_151672	151671	151672	Br5595	Br5595_pos300	42	registered_idw_k12	results_v10/hyperspatial_map_2d_dlpfc_20260810_101451/04_predictions/151671_to_151672/seed42_registered_idw_k12.npy	0703e3c6ab598c9a5fa9d32ffbf25f8245bdddbc0310476acdf0ac80a4f0fd79	4015	8201
151671_to_151672	151671	151672	Br5595	Br5595_pos300	42	atlas_plus_global_anchor_residual	results_v10/hyperspatial_map_2d_dlpfc_20260810_101451/04_predictions/151671_to_151672/seed42_atlas_plus_global_anchor_residual.npy	3e9fdac1a509db9628681d612dc7e609b98f87d0287fc02e91b978feee6816ec	4015	8201
151671_to_151672	151671	151672	Br5595	Br5595_pos300	42	atlas_plus_local_anchor_residual	results_v10/hyperspatial_map_2d_dlpfc_20260810_101451/04_predictions/151671_to_151672/seed42_atlas_plus_local_anchor_residual.npy	266e4e01d215ceaaeb2a4deba8bc756ed2bdf8afad9e350b2f604747621a558f	4015	8201
151671_to_151672	151671	151672	Br5595	Br5595_pos300	42	anchor_only_calibrated	results_v10/hyperspatial_map_2d_dlpfc_20260810_101451/04_predictions/151671_to_151672/seed42_anchor_only_calibrated.npy	dd1e52c9e7c9cbd14ead8d9396a1a072360f2a8598897c5b2332bf94f595a3d5	4015	8201
151671_to_151672	151671	151672	Br5595	Br5595_pos300	42	hyperspatial_map_calibrated_fusion	results_v10/hyperspatial_map_2d_dlpfc_20260810_101451/04_predictions/151671_to_151672/seed42_hyperspatial_map_calibrated_fusion.npy	bbdb5ad4fea14cf1b288a157bdeb1ee703ef430b8f3547ab875013fa588a09c5	4015	8201
151671_to_151672	151671	151672	Br5595	Br5595_pos300	43	registered_nearest_neighbor	results_v10/hyperspatial_map_2d_dlpfc_20260810_101451/04_predictions/151671_to_151672/seed43_registered_nearest_neighbor.npy	51cd216651915306fd8337cb0eb351cb89dbae70f150f423365ff956603dacd8	4015	8201
151671_to_151672	151671	151672	Br5595	Br5595_pos300	43	registered_idw_k12	results_v10/hyperspatial_map_2d_dlpfc_20260810_101451/04_predictions/151671_to_151672/seed43_registered_idw_k12.npy	e268d71b60ab0221ced68cfe82995727cfe71b300a2130c79f92867684ca179a	4015	8201
151671_to_151672	151671	151672	Br5595	Br5595_pos300	43	atlas_plus_global_anchor_residual	results_v10/hyperspatial_map_2d_dlpfc_20260810_101451/04_predictions/151671_to_151672/seed43_atlas_plus_global_anchor_residual.npy	65aa9461a109c1a22e33fea504da9085aefbde74716bbf80c8befa3720d59814	4015	8201
151671_to_151672	151671	151672	Br5595	Br5595_pos300	43	atlas_plus_local_anchor_residual	results_v10/hyperspatial_map_2d_dlpfc_20260810_101451/04_predictions/151671_to_151672/seed43_atlas_plus_local_anchor_residual.npy	b16a5bd363e108b101d811293bd7d31846d12abe67fd230b6546be13316efbc7	4015	8201
151671_to_151672	151671	151672	Br5595	Br5595_pos300	43	anchor_only_calibrated	results_v10/hyperspatial_map_2d_dlpfc_20260810_101451/04_predictions/151671_to_151672/seed43_anchor_only_calibrated.npy	dd1e52c9e7c9cbd14ead8d9396a1a072360f2a8598897c5b2332bf94f595a3d5	4015	8201
151671_to_151672	151671	151672	Br5595	Br5595_pos300	43	hyperspatial_map_calibrated_fusion	results_v10/hyperspatial_map_2d_dlpfc_20260810_101451/04_predictions/151671_to_151672/seed43_hyperspatial_map_calibrated_fusion.npy	d785700f9a4a1f831d75b889ddaf29411d621a1d8c8602e11875b9fefa3cc94a	4015	8201
151671_to_151672	151671	151672	Br5595	Br5595_pos300	44	registered_nearest_neighbor	results_v10/hyperspatial_map_2d_dlpfc_20260810_101451/04_predictions/151671_to_151672/seed44_registered_nearest_neighbor.npy	a20a97b34e50e2d00779eb9a4298f6cbaea21ee2f04deeb6f6df7956e62487c3	4015	8201
151671_to_151672	151671	151672	Br5595	Br5595_pos300	44	registered_idw_k12	results_v10/hyperspatial_map_2d_dlpfc_20260810_101451/04_predictions/151671_to_151672/seed44_registered_idw_k12.npy	b689ac59cc8f0414804aee512f350c3c7e6c4ccb2c590a55b4ea1f3473bca7c6	4015	8201
151671_to_151672	151671	151672	Br5595	Br5595_pos300	44	atlas_plus_global_anchor_residual	results_v10/hyperspatial_map_2d_dlpfc_20260810_101451/04_predictions/151671_to_151672/seed44_atlas_plus_global_anchor_residual.npy	f35bacfdb96e402f0bf4096ca6985335c8aa4e89ee667be386334d87b81f06b7	4015	8201
151671_to_151672	151671	151672	Br5595	Br5595_pos300	44	atlas_plus_local_anchor_residual	results_v10/hyperspatial_map_2d_dlpfc_20260810_101451/04_predictions/151671_to_151672/seed44_atlas_plus_local_anchor_residual.npy	92f99da00a0357b0bc6fdf04a9919df27f8e280304370780937417142ad65875	4015	8201
151671_to_151672	151671	151672	Br5595	Br5595_pos300	44	anchor_only_calibrated	results_v10/hyperspatial_map_2d_dlpfc_20260810_101451/04_predictions/151671_to_151672/seed44_anchor_only_calibrated.npy	dd1e52c9e7c9cbd14ead8d9396a1a072360f2a8598897c5b2332bf94f595a3d5	4015	8201
151671_to_151672	151671	151672	Br5595	Br5595_pos300	44	hyperspatial_map_calibrated_fusion	results_v10/hyperspatial_map_2d_dlpfc_20260810_101451/04_predictions/151671_to_151672/seed44_hyperspatial_map_calibrated_fusion.npy	dd200281b21e16d94ac49215518092518387eb70a0861905f6034092231568e2	4015	8201
151672_to_151671	151672	151671	Br5595	Br5595_pos300	42	registered_nearest_neighbor	results_v10/hyperspatial_map_2d_dlpfc_20260810_101451/04_predictions/151672_to_151671/seed42_registered_nearest_neighbor.npy	b6193e2cf8db84a502146562d6fd13b46258e9d9e421ca899e4881aa0512be80	4110	7846
151672_to_151671	151672	151671	Br5595	Br5595_pos300	42	registered_idw_k12	results_v10/hyperspatial_map_2d_dlpfc_20260810_101451/04_predictions/151672_to_151671/seed42_registered_idw_k12.npy	f6147e002c0fe640905667dd7e67a5d1d6f14a5f77594bc334682227b4afb249	4110	7846
151672_to_151671	151672	151671	Br5595	Br5595_pos300	42	atlas_plus_global_anchor_residual	results_v10/hyperspatial_map_2d_dlpfc_20260810_101451/04_predictions/151672_to_151671/seed42_atlas_plus_global_anchor_residual.npy	c95d0a8f53447c3a3246ea02cb286e866c74b672372912f5c8c2d0eb13562327	4110	7846
151672_to_151671	151672	151671	Br5595	Br5595_pos300	42	atlas_plus_local_anchor_residual	results_v10/hyperspatial_map_2d_dlpfc_20260810_101451/04_predictions/151672_to_151671/seed42_atlas_plus_local_anchor_residual.npy	fface052a9a53a72a9c9586b247af3f2a0030bf464f698eb5c3214b0a2958c9d	4110	7846
151672_to_151671	151672	151671	Br5595	Br5595_pos300	42	anchor_only_calibrated	results_v10/hyperspatial_map_2d_dlpfc_20260810_101451/04_predictions/151672_to_151671/seed42_anchor_only_calibrated.npy	b26ea8e95a62028854fd878711aeae0a52806b08bb6c8fa1eb8c2efe49914f6a	4110	7846
151672_to_151671	151672	151671	Br5595	Br5595_pos300	42	hyperspatial_map_calibrated_fusion	results_v10/hyperspatial_map_2d_dlpfc_20260810_101451/04_predictions/151672_to_151671/seed42_hyperspatial_map_calibrated_fusion.npy	a540cc675aa8441c2194e3025a4c584b31dd62832fabdb316e20113d2a4d4e07	4110	7846
151672_to_151671	151672	151671	Br5595	Br5595_pos300	43	registered_nearest_neighbor	results_v10/hyperspatial_map_2d_dlpfc_20260810_101451/04_predictions/151672_to_151671/seed43_registered_nearest_neighbor.npy	894c5e17f0837fe66fd100ab19e3c5d2257c7c91d078bf648681eca2a8129aa4	4110	7846
151672_to_151671	151672	151671	Br5595	Br5595_pos300	43	registered_idw_k12	results_v10/hyperspatial_map_2d_dlpfc_20260810_101451/04_predictions/151672_to_151671/seed43_registered_idw_k12.npy	764dc38b0c1d8d46e4b1b69204c62c7d9343643e0fdf1a4a2614c4725233862f	4110	7846
151672_to_151671	151672	151671	Br5595	Br5595_pos300	43	atlas_plus_global_anchor_residual	results_v10/hyperspatial_map_2d_dlpfc_20260810_101451/04_predictions/151672_to_151671/seed43_atlas_plus_global_anchor_residual.npy	805c5bd92ec4d62c944d4bda43e3849265d30bc4dad1992fb41eb9a8b145700a	4110	7846
151672_to_151671	151672	151671	Br5595	Br5595_pos300	43	atlas_plus_local_anchor_residual	results_v10/hyperspatial_map_2d_dlpfc_20260810_101451/04_predictions/151672_to_151671/seed43_atlas_plus_local_anchor_residual.npy	73adb3a50e9eee508296617bbe646e3a1a212e8576b32cc4472584d785aec09e	4110	7846
151672_to_151671	151672	151671	Br5595	Br5595_pos300	43	anchor_only_calibrated	results_v10/hyperspatial_map_2d_dlpfc_20260810_101451/04_predictions/151672_to_151671/seed43_anchor_only_calibrated.npy	b26ea8e95a62028854fd878711aeae0a52806b08bb6c8fa1eb8c2efe49914f6a	4110	7846
151672_to_151671	151672	151671	Br5595	Br5595_pos300	43	hyperspatial_map_calibrated_fusion	results_v10/hyperspatial_map_2d_dlpfc_20260810_101451/04_predictions/151672_to_151671/seed43_hyperspatial_map_calibrated_fusion.npy	82f910b4f97bd485bb5cedb6c87d6de53f73e94e432e684a1304b4f491924606	4110	7846
151672_to_151671	151672	151671	Br5595	Br5595_pos300	44	registered_nearest_neighbor	results_v10/hyperspatial_map_2d_dlpfc_20260810_101451/04_predictions/151672_to_151671/seed44_registered_nearest_neighbor.npy	c5478821295d8fa20e36d4ec8aa457cfc268d9b295e8c0d8b5dfca7940a4ea41	4110	7846
151672_to_151671	151672	151671	Br5595	Br5595_pos300	44	registered_idw_k12	results_v10/hyperspatial_map_2d_dlpfc_20260810_101451/04_predictions/151672_to_151671/seed44_registered_idw_k12.npy	814df4448a1f72f9a10a67d294ac8645c01f4abb9f87d891f7f272fd7bbf2b51	4110	7846
151672_to_151671	151672	151671	Br5595	Br5595_pos300	44	atlas_plus_global_anchor_residual	results_v10/hyperspatial_map_2d_dlpfc_20260810_101451/04_predictions/151672_to_151671/seed44_atlas_plus_global_anchor_residual.npy	1a2e3e1e6aa7d0f4a263aa86d756f473e81df4943c4aa4913c597697f8cd1bf7	4110	7846
151672_to_151671	151672	151671	Br5595	Br5595_pos300	44	atlas_plus_local_anchor_residual	results_v10/hyperspatial_map_2d_dlpfc_20260810_101451/04_predictions/151672_to_151671/seed44_atlas_plus_local_anchor_residual.npy	0826b2c4cac7499e811bdf01b8ebc54d86ad1a32acb3d7ac8d9ce08f5ba827c3	4110	7846
151672_to_151671	151672	151671	Br5595	Br5595_pos300	44	anchor_only_calibrated	results_v10/hyperspatial_map_2d_dlpfc_20260810_101451/04_predictions/151672_to_151671/seed44_anchor_only_calibrated.npy	b26ea8e95a62028854fd878711aeae0a52806b08bb6c8fa1eb8c2efe49914f6a	4110	7846
151672_to_151671	151672	151671	Br5595	Br5595_pos300	44	hyperspatial_map_calibrated_fusion	results_v10/hyperspatial_map_2d_dlpfc_20260810_101451/04_predictions/151672_to_151671/seed44_hyperspatial_map_calibrated_fusion.npy	7a7fc687b4ad10793c7232970a76ba7e4c875f9c140cbca95ca903acb03b0e3d	4110	7846
151673_to_151674	151673	151674	Br8100	Br8100_pos0	42	registered_nearest_neighbor	results_v10/hyperspatial_map_2d_dlpfc_20260810_101451/04_predictions/151673_to_151674/seed42_registered_nearest_neighbor.npy	aca4538ffed44bd28f6da053143ba97d09a4502b1faf58e70687d49c873f102a	3673	9185
151673_to_151674	151673	151674	Br8100	Br8100_pos0	42	registered_idw_k12	results_v10/hyperspatial_map_2d_dlpfc_20260810_101451/04_predictions/151673_to_151674/seed42_registered_idw_k12.npy	827b7a10543f400a3cdda4ad25628f6cc2375f0b0482b40530ef69786ff4c7cd	3673	9185
151673_to_151674	151673	151674	Br8100	Br8100_pos0	42	atlas_plus_global_anchor_residual	results_v10/hyperspatial_map_2d_dlpfc_20260810_101451/04_predictions/151673_to_151674/seed42_atlas_plus_global_anchor_residual.npy	ed5ab7d07ab4bf03fe4a13b5c1f357178011f57def56044250feb1887fe9e0f9	3673	9185
151673_to_151674	151673	151674	Br8100	Br8100_pos0	42	atlas_plus_local_anchor_residual	results_v10/hyperspatial_map_2d_dlpfc_20260810_101451/04_predictions/151673_to_151674/seed42_atlas_plus_local_anchor_residual.npy	0e63768bd7caf901920c89e294b79f259d2209320da684b6bf7aaacb827dbdb9	3673	9185
151673_to_151674	151673	151674	Br8100	Br8100_pos0	42	anchor_only_calibrated	results_v10/hyperspatial_map_2d_dlpfc_20260810_101451/04_predictions/151673_to_151674/seed42_anchor_only_calibrated.npy	c1969573d8d97c7bd2cdaa1f5f863405d8831e80dda4a277f31e90a40f793788	3673	9185
151673_to_151674	151673	151674	Br8100	Br8100_pos0	42	hyperspatial_map_calibrated_fusion	results_v10/hyperspatial_map_2d_dlpfc_20260810_101451/04_predictions/151673_to_151674/seed42_hyperspatial_map_calibrated_fusion.npy	f380ff06087f4bd10350d40b16010511dc35b10a5a287025af9070d4a2fdd6f7	3673	9185
151673_to_151674	151673	151674	Br8100	Br8100_pos0	43	registered_nearest_neighbor	results_v10/hyperspatial_map_2d_dlpfc_20260810_101451/04_predictions/151673_to_151674/seed43_registered_nearest_neighbor.npy	f2cdb5766bf80d4702ecbf92782aa54c9b5c1b305d132e2ac98c3950c135512e	3673	9185
151673_to_151674	151673	151674	Br8100	Br8100_pos0	43	registered_idw_k12	results_v10/hyperspatial_map_2d_dlpfc_20260810_101451/04_predictions/151673_to_151674/seed43_registered_idw_k12.npy	710c9e813a2a75f8c6eb61e1b3504592ada675d4ad643aba36788f71f3bb4ede	3673	9185
151673_to_151674	151673	151674	Br8100	Br8100_pos0	43	atlas_plus_global_anchor_residual	results_v10/hyperspatial_map_2d_dlpfc_20260810_101451/04_predictions/151673_to_151674/seed43_atlas_plus_global_anchor_residual.npy	1ae44bdaf2d31a2aac958b5be4c6a7336303ddfb7f6b56fc291cecb50e8d1a12	3673	9185
151673_to_151674	151673	151674	Br8100	Br8100_pos0	43	atlas_plus_local_anchor_residual	results_v10/hyperspatial_map_2d_dlpfc_20260810_101451/04_predictions/151673_to_151674/seed43_atlas_plus_local_anchor_residual.npy	e657eea0d653de5232e87331362d33798d5056ef89f688f1bb97a339ba714927	3673	9185
151673_to_151674	151673	151674	Br8100	Br8100_pos0	43	anchor_only_calibrated	results_v10/hyperspatial_map_2d_dlpfc_20260810_101451/04_predictions/151673_to_151674/seed43_anchor_only_calibrated.npy	c1969573d8d97c7bd2cdaa1f5f863405d8831e80dda4a277f31e90a40f793788	3673	9185
151673_to_151674	151673	151674	Br8100	Br8100_pos0	43	hyperspatial_map_calibrated_fusion	results_v10/hyperspatial_map_2d_dlpfc_20260810_101451/04_predictions/151673_to_151674/seed43_hyperspatial_map_calibrated_fusion.npy	1414c50dc5f49ce094eaa10421271e13ef7d590eece1fdd1056e9ea295982ac0	3673	9185
151673_to_151674	151673	151674	Br8100	Br8100_pos0	44	registered_nearest_neighbor	results_v10/hyperspatial_map_2d_dlpfc_20260810_101451/04_predictions/151673_to_151674/seed44_registered_nearest_neighbor.npy	24acef9901ca4ad15f12ec8fb6731a3549cad0332e82623028464759999c3e6e	3673	9185
151673_to_151674	151673	151674	Br8100	Br8100_pos0	44	registered_idw_k12	results_v10/hyperspatial_map_2d_dlpfc_20260810_101451/04_predictions/151673_to_151674/seed44_registered_idw_k12.npy	aafc4051a36352fd38f2f13dbf8a93b90e9c552dcf3d8fd3411f38047c947258	3673	9185
151673_to_151674	151673	151674	Br8100	Br8100_pos0	44	atlas_plus_global_anchor_residual	results_v10/hyperspatial_map_2d_dlpfc_20260810_101451/04_predictions/151673_to_151674/seed44_atlas_plus_global_anchor_residual.npy	898bbd644ae8bd2dea653b3069a300d89c3c5bc9faf376a932d26fdc8a7d1f0b	3673	9185
151673_to_151674	151673	151674	Br8100	Br8100_pos0	44	atlas_plus_local_anchor_residual	results_v10/hyperspatial_map_2d_dlpfc_20260810_101451/04_predictions/151673_to_151674/seed44_atlas_plus_local_anchor_residual.npy	f491dc4998b6cc7e055fde29bc638e0b89d129f14aa78d217f3e5c3dc1da21d7	3673	9185
151673_to_151674	151673	151674	Br8100	Br8100_pos0	44	anchor_only_calibrated	results_v10/hyperspatial_map_2d_dlpfc_20260810_101451/04_predictions/151673_to_151674/seed44_anchor_only_calibrated.npy	c1969573d8d97c7bd2cdaa1f5f863405d8831e80dda4a277f31e90a40f793788	3673	9185
151673_to_151674	151673	151674	Br8100	Br8100_pos0	44	hyperspatial_map_calibrated_fusion	results_v10/hyperspatial_map_2d_dlpfc_20260810_101451/04_predictions/151673_to_151674/seed44_hyperspatial_map_calibrated_fusion.npy	3f1b49449234a530baa7153cdc075eada8768516899a6c1b812fcf4919f2871c	3673	9185
151674_to_151673	151674	151673	Br8100	Br8100_pos0	42	registered_nearest_neighbor	results_v10/hyperspatial_map_2d_dlpfc_20260810_101451/04_predictions/151674_to_151673/seed42_registered_nearest_neighbor.npy	551b4ec9e16fc05c6392520b02fda8473fc89d3737e3d77785ffb83d2c5bfdc7	3639	10346
151674_to_151673	151674	151673	Br8100	Br8100_pos0	42	registered_idw_k12	results_v10/hyperspatial_map_2d_dlpfc_20260810_101451/04_predictions/151674_to_151673/seed42_registered_idw_k12.npy	0b195a3458b304ee0a1d5ac9142c00854b16dbd3544b92f290ad41b32b124b99	3639	10346
151674_to_151673	151674	151673	Br8100	Br8100_pos0	42	atlas_plus_global_anchor_residual	results_v10/hyperspatial_map_2d_dlpfc_20260810_101451/04_predictions/151674_to_151673/seed42_atlas_plus_global_anchor_residual.npy	5050f65c0737cde92ef88863078f6260a00180db726645698138bbef457529f0	3639	10346
151674_to_151673	151674	151673	Br8100	Br8100_pos0	42	atlas_plus_local_anchor_residual	results_v10/hyperspatial_map_2d_dlpfc_20260810_101451/04_predictions/151674_to_151673/seed42_atlas_plus_local_anchor_residual.npy	05a998368d2e56817f7300ece1f1a0365f8b6085aa2ef9b2854a6c00fe39bbf1	3639	10346
151674_to_151673	151674	151673	Br8100	Br8100_pos0	42	anchor_only_calibrated	results_v10/hyperspatial_map_2d_dlpfc_20260810_101451/04_predictions/151674_to_151673/seed42_anchor_only_calibrated.npy	f906a1692654e3a499dee324cbf236da08c8f8ca868310c601af94a08286c514	3639	10346
151674_to_151673	151674	151673	Br8100	Br8100_pos0	42	hyperspatial_map_calibrated_fusion	results_v10/hyperspatial_map_2d_dlpfc_20260810_101451/04_predictions/151674_to_151673/seed42_hyperspatial_map_calibrated_fusion.npy	48b82495ff1c4202af89b5caa4d68e3728b07c066ae9f9c970344b5928bd721b	3639	10346
151674_to_151673	151674	151673	Br8100	Br8100_pos0	43	registered_nearest_neighbor	results_v10/hyperspatial_map_2d_dlpfc_20260810_101451/04_predictions/151674_to_151673/seed43_registered_nearest_neighbor.npy	5d4129defce8694fe51e1f506639c1c43ea82f4257c34e53b6b349cb112f9a59	3639	10346
151674_to_151673	151674	151673	Br8100	Br8100_pos0	43	registered_idw_k12	results_v10/hyperspatial_map_2d_dlpfc_20260810_101451/04_predictions/151674_to_151673/seed43_registered_idw_k12.npy	5e1b1113a270733150c107164fe5646f9fc4dac0fc65dcb194d138deb52f1f76	3639	10346
151674_to_151673	151674	151673	Br8100	Br8100_pos0	43	atlas_plus_global_anchor_residual	results_v10/hyperspatial_map_2d_dlpfc_20260810_101451/04_predictions/151674_to_151673/seed43_atlas_plus_global_anchor_residual.npy	2d7030dea4fc32425e032d1226ae150b07f2aff27b61159eac5c420028487119	3639	10346
151674_to_151673	151674	151673	Br8100	Br8100_pos0	43	atlas_plus_local_anchor_residual	results_v10/hyperspatial_map_2d_dlpfc_20260810_101451/04_predictions/151674_to_151673/seed43_atlas_plus_local_anchor_residual.npy	f5225989df73cac3ecc756c8431fbc01dbec2d9f3f532afbf2af634ca2834e2f	3639	10346
151674_to_151673	151674	151673	Br8100	Br8100_pos0	43	anchor_only_calibrated	results_v10/hyperspatial_map_2d_dlpfc_20260810_101451/04_predictions/151674_to_151673/seed43_anchor_only_calibrated.npy	f906a1692654e3a499dee324cbf236da08c8f8ca868310c601af94a08286c514	3639	10346
151674_to_151673	151674	151673	Br8100	Br8100_pos0	43	hyperspatial_map_calibrated_fusion	results_v10/hyperspatial_map_2d_dlpfc_20260810_101451/04_predictions/151674_to_151673/seed43_hyperspatial_map_calibrated_fusion.npy	8f22f5dfcd034c9390c761bba3a5c6f22db5c06c988cc20c6148c23a67a44635	3639	10346
151674_to_151673	151674	151673	Br8100	Br8100_pos0	44	registered_nearest_neighbor	results_v10/hyperspatial_map_2d_dlpfc_20260810_101451/04_predictions/151674_to_151673/seed44_registered_nearest_neighbor.npy	79d203651175e8d47db4116e3361fcfa304a3930d1f8b5439fcffe0bffa38e5a	3639	10346
151674_to_151673	151674	151673	Br8100	Br8100_pos0	44	registered_idw_k12	results_v10/hyperspatial_map_2d_dlpfc_20260810_101451/04_predictions/151674_to_151673/seed44_registered_idw_k12.npy	2016c4e18d44a01b28017799d74438db9883000e7f0ac9867ff2b442ede9efc7	3639	10346
151674_to_151673	151674	151673	Br8100	Br8100_pos0	44	atlas_plus_global_anchor_residual	results_v10/hyperspatial_map_2d_dlpfc_20260810_101451/04_predictions/151674_to_151673/seed44_atlas_plus_global_anchor_residual.npy	2a480cf6b2bdd7924b9da97a13784062b91e0c6db1fba4e0a81343c68436ccb8	3639	10346
151674_to_151673	151674	151673	Br8100	Br8100_pos0	44	atlas_plus_local_anchor_residual	results_v10/hyperspatial_map_2d_dlpfc_20260810_101451/04_predictions/151674_to_151673/seed44_atlas_plus_local_anchor_residual.npy	5b194a8b801044c2b972a9dab3a963dc5b42756de560421e0be552f4a99063ed	3639	10346
151674_to_151673	151674	151673	Br8100	Br8100_pos0	44	anchor_only_calibrated	results_v10/hyperspatial_map_2d_dlpfc_20260810_101451/04_predictions/151674_to_151673/seed44_anchor_only_calibrated.npy	f906a1692654e3a499dee324cbf236da08c8f8ca868310c601af94a08286c514	3639	10346
151674_to_151673	151674	151673	Br8100	Br8100_pos0	44	hyperspatial_map_calibrated_fusion	results_v10/hyperspatial_map_2d_dlpfc_20260810_101451/04_predictions/151674_to_151673/seed44_hyperspatial_map_calibrated_fusion.npy	461eb06c73f6de27149b70a2df57a6180c28724d17616881add87b1030338acd	3639	10346
151675_to_151676	151675	151676	Br8100	Br8100_pos300	42	registered_nearest_neighbor	results_v10/hyperspatial_map_2d_dlpfc_20260810_101451/04_predictions/151675_to_151676/seed42_registered_nearest_neighbor.npy	4b9fb0ddbef23a5b459369e515b42d938640bcc0eced4c1c85259223807cf859	3460	8231
151675_to_151676	151675	151676	Br8100	Br8100_pos300	42	registered_idw_k12	results_v10/hyperspatial_map_2d_dlpfc_20260810_101451/04_predictions/151675_to_151676/seed42_registered_idw_k12.npy	58216442e569870c78f29c63b8a1d46bf39bc577d611649e26810a85c673e095	3460	8231
151675_to_151676	151675	151676	Br8100	Br8100_pos300	42	atlas_plus_global_anchor_residual	results_v10/hyperspatial_map_2d_dlpfc_20260810_101451/04_predictions/151675_to_151676/seed42_atlas_plus_global_anchor_residual.npy	34ef3810de1faf0941e6829df62a0d2d1cbd02c64718a46d9c572a9f9223112d	3460	8231
151675_to_151676	151675	151676	Br8100	Br8100_pos300	42	atlas_plus_local_anchor_residual	results_v10/hyperspatial_map_2d_dlpfc_20260810_101451/04_predictions/151675_to_151676/seed42_atlas_plus_local_anchor_residual.npy	1aaa981f50f3b267e3362095d43fa729930f998835de58227a4a86e897074249	3460	8231
151675_to_151676	151675	151676	Br8100	Br8100_pos300	42	anchor_only_calibrated	results_v10/hyperspatial_map_2d_dlpfc_20260810_101451/04_predictions/151675_to_151676/seed42_anchor_only_calibrated.npy	60127e7dfd78beff8416dd4ac9bd5b2417d4d69e483002238b74289b76200e50	3460	8231
151675_to_151676	151675	151676	Br8100	Br8100_pos300	42	hyperspatial_map_calibrated_fusion	results_v10/hyperspatial_map_2d_dlpfc_20260810_101451/04_predictions/151675_to_151676/seed42_hyperspatial_map_calibrated_fusion.npy	194d23f16ab09b216d0219925f18ebb2f5d0aeeb9fbb25b31c6ad4a18c91c9e4	3460	8231
151675_to_151676	151675	151676	Br8100	Br8100_pos300	43	registered_nearest_neighbor	results_v10/hyperspatial_map_2d_dlpfc_20260810_101451/04_predictions/151675_to_151676/seed43_registered_nearest_neighbor.npy	7ab0725d529ec6b7770504e573196b1663b570bb23e1b932466891d2023234e9	3460	8231
151675_to_151676	151675	151676	Br8100	Br8100_pos300	43	registered_idw_k12	results_v10/hyperspatial_map_2d_dlpfc_20260810_101451/04_predictions/151675_to_151676/seed43_registered_idw_k12.npy	e0e6ae3fbca5688bb45131e0bceb7545097caae1d90993dec038ecf699fe86ee	3460	8231
151675_to_151676	151675	151676	Br8100	Br8100_pos300	43	atlas_plus_global_anchor_residual	results_v10/hyperspatial_map_2d_dlpfc_20260810_101451/04_predictions/151675_to_151676/seed43_atlas_plus_global_anchor_residual.npy	39be17a40a291eff297a3bfad35c105e4f92e2321b712fb5ad9857ab46a05ea2	3460	8231
151675_to_151676	151675	151676	Br8100	Br8100_pos300	43	atlas_plus_local_anchor_residual	results_v10/hyperspatial_map_2d_dlpfc_20260810_101451/04_predictions/151675_to_151676/seed43_atlas_plus_local_anchor_residual.npy	10d483ae53e0d748e07c7fb5ecc91773043fea06cd53cd0671e5fdce90ba0c80	3460	8231
151675_to_151676	151675	151676	Br8100	Br8100_pos300	43	anchor_only_calibrated	results_v10/hyperspatial_map_2d_dlpfc_20260810_101451/04_predictions/151675_to_151676/seed43_anchor_only_calibrated.npy	60127e7dfd78beff8416dd4ac9bd5b2417d4d69e483002238b74289b76200e50	3460	8231
151675_to_151676	151675	151676	Br8100	Br8100_pos300	43	hyperspatial_map_calibrated_fusion	results_v10/hyperspatial_map_2d_dlpfc_20260810_101451/04_predictions/151675_to_151676/seed43_hyperspatial_map_calibrated_fusion.npy	32d252c7e521f3de6770afa995769b549ad239b4a47c7d8f685ca415e2dc2cbb	3460	8231
151675_to_151676	151675	151676	Br8100	Br8100_pos300	44	registered_nearest_neighbor	results_v10/hyperspatial_map_2d_dlpfc_20260810_101451/04_predictions/151675_to_151676/seed44_registered_nearest_neighbor.npy	5e606cf55fd8b090e19f2383ce76e2b22a70780ce15ceb9ee593e9a4c631e8d2	3460	8231
151675_to_151676	151675	151676	Br8100	Br8100_pos300	44	registered_idw_k12	results_v10/hyperspatial_map_2d_dlpfc_20260810_101451/04_predictions/151675_to_151676/seed44_registered_idw_k12.npy	279e505d889e62b2851da98051bb4cb1aa47502b67881556051e42e29d833e5c	3460	8231
151675_to_151676	151675	151676	Br8100	Br8100_pos300	44	atlas_plus_global_anchor_residual	results_v10/hyperspatial_map_2d_dlpfc_20260810_101451/04_predictions/151675_to_151676/seed44_atlas_plus_global_anchor_residual.npy	67ca916086aa113a10652c128c20acd139475449a4d4e0fd68053f13337073a6	3460	8231
151675_to_151676	151675	151676	Br8100	Br8100_pos300	44	atlas_plus_local_anchor_residual	results_v10/hyperspatial_map_2d_dlpfc_20260810_101451/04_predictions/151675_to_151676/seed44_atlas_plus_local_anchor_residual.npy	e95802df209b81820466a5fb40adb5dd88597e349bb30b73d4e744502d9e5787	3460	8231
151675_to_151676	151675	151676	Br8100	Br8100_pos300	44	anchor_only_calibrated	results_v10/hyperspatial_map_2d_dlpfc_20260810_101451/04_predictions/151675_to_151676/seed44_anchor_only_calibrated.npy	60127e7dfd78beff8416dd4ac9bd5b2417d4d69e483002238b74289b76200e50	3460	8231
151675_to_151676	151675	151676	Br8100	Br8100_pos300	44	hyperspatial_map_calibrated_fusion	results_v10/hyperspatial_map_2d_dlpfc_20260810_101451/04_predictions/151675_to_151676/seed44_hyperspatial_map_calibrated_fusion.npy	95d72b7c990ee7efd3e7ea33db666858d78b5ecea94b9ac8504a2970c79c6764	3460	8231
151676_to_151675	151676	151675	Br8100	Br8100_pos300	42	registered_nearest_neighbor	results_v10/hyperspatial_map_2d_dlpfc_20260810_101451/04_predictions/151676_to_151675/seed42_registered_nearest_neighbor.npy	026b6df9a4acec1c02165a077357a9b10d8bffae6c303d99b83a83a14033bc72	3592	8552
151676_to_151675	151676	151675	Br8100	Br8100_pos300	42	registered_idw_k12	results_v10/hyperspatial_map_2d_dlpfc_20260810_101451/04_predictions/151676_to_151675/seed42_registered_idw_k12.npy	f8fc1e5321a572f54dbf09e0d0f541a2a5c85415ab1dbaf024c4a67b40e85db6	3592	8552
151676_to_151675	151676	151675	Br8100	Br8100_pos300	42	atlas_plus_global_anchor_residual	results_v10/hyperspatial_map_2d_dlpfc_20260810_101451/04_predictions/151676_to_151675/seed42_atlas_plus_global_anchor_residual.npy	e2b8024841eea88589febb6606f1c0edf7123562f4ea957afd87e4bd2ecac8d3	3592	8552
151676_to_151675	151676	151675	Br8100	Br8100_pos300	42	atlas_plus_local_anchor_residual	results_v10/hyperspatial_map_2d_dlpfc_20260810_101451/04_predictions/151676_to_151675/seed42_atlas_plus_local_anchor_residual.npy	eddc63ebdcce99abad372c11bb2ca4158070cc3e2da280aab296b8ce2c3923a5	3592	8552
151676_to_151675	151676	151675	Br8100	Br8100_pos300	42	anchor_only_calibrated	results_v10/hyperspatial_map_2d_dlpfc_20260810_101451/04_predictions/151676_to_151675/seed42_anchor_only_calibrated.npy	376b13301d63f4d07fc24d4e29f1a7c2c77f226c44593253d61e7ea9b098c0b8	3592	8552
151676_to_151675	151676	151675	Br8100	Br8100_pos300	42	hyperspatial_map_calibrated_fusion	results_v10/hyperspatial_map_2d_dlpfc_20260810_101451/04_predictions/151676_to_151675/seed42_hyperspatial_map_calibrated_fusion.npy	e328665e5f2a097fd30da70d08bec3538eb9248a3d1e81cb7d1edf586d94d761	3592	8552
151676_to_151675	151676	151675	Br8100	Br8100_pos300	43	registered_nearest_neighbor	results_v10/hyperspatial_map_2d_dlpfc_20260810_101451/04_predictions/151676_to_151675/seed43_registered_nearest_neighbor.npy	fc52d9fe070f5e51b6be5e73df7aa56d8c5b74578b24e41a15ff8a5468554de0	3592	8552
151676_to_151675	151676	151675	Br8100	Br8100_pos300	43	registered_idw_k12	results_v10/hyperspatial_map_2d_dlpfc_20260810_101451/04_predictions/151676_to_151675/seed43_registered_idw_k12.npy	695083da4ef10cd9d4fb3b5a80806fc0868997d388d657d1d2fd64d28c4a78bd	3592	8552
151676_to_151675	151676	151675	Br8100	Br8100_pos300	43	atlas_plus_global_anchor_residual	results_v10/hyperspatial_map_2d_dlpfc_20260810_101451/04_predictions/151676_to_151675/seed43_atlas_plus_global_anchor_residual.npy	341870df59f8beb23b49bf3bd2123e151fddbec2d4311bd76cbc09753f27ce81	3592	8552
151676_to_151675	151676	151675	Br8100	Br8100_pos300	43	atlas_plus_local_anchor_residual	results_v10/hyperspatial_map_2d_dlpfc_20260810_101451/04_predictions/151676_to_151675/seed43_atlas_plus_local_anchor_residual.npy	7944b5bf39ee4988838f15f4b0314c92495afec470f52c6701d0d9139ad42784	3592	8552
151676_to_151675	151676	151675	Br8100	Br8100_pos300	43	anchor_only_calibrated	results_v10/hyperspatial_map_2d_dlpfc_20260810_101451/04_predictions/151676_to_151675/seed43_anchor_only_calibrated.npy	376b13301d63f4d07fc24d4e29f1a7c2c77f226c44593253d61e7ea9b098c0b8	3592	8552
151676_to_151675	151676	151675	Br8100	Br8100_pos300	43	hyperspatial_map_calibrated_fusion	results_v10/hyperspatial_map_2d_dlpfc_20260810_101451/04_predictions/151676_to_151675/seed43_hyperspatial_map_calibrated_fusion.npy	a60174e468ca85ca581058537dd23f8cb09e2b23ba14a87a3d1e825aeb0d54be	3592	8552
151676_to_151675	151676	151675	Br8100	Br8100_pos300	44	registered_nearest_neighbor	results_v10/hyperspatial_map_2d_dlpfc_20260810_101451/04_predictions/151676_to_151675/seed44_registered_nearest_neighbor.npy	0e902feae94910ef8f640a50da1dbf6940a8e2a8076449488ceb95a7e1560f6f	3592	8552
151676_to_151675	151676	151675	Br8100	Br8100_pos300	44	registered_idw_k12	results_v10/hyperspatial_map_2d_dlpfc_20260810_101451/04_predictions/151676_to_151675/seed44_registered_idw_k12.npy	b95d8b1d015586f04ae255662e6e58a512b4b046e2be76261044c698100ea19c	3592	8552
151676_to_151675	151676	151675	Br8100	Br8100_pos300	44	atlas_plus_global_anchor_residual	results_v10/hyperspatial_map_2d_dlpfc_20260810_101451/04_predictions/151676_to_151675/seed44_atlas_plus_global_anchor_residual.npy	3dc5fe515c10407e173b014b4feff51f6e35c301863f24f5a8fde36e0ef9d62e	3592	8552
151676_to_151675	151676	151675	Br8100	Br8100_pos300	44	atlas_plus_local_anchor_residual	results_v10/hyperspatial_map_2d_dlpfc_20260810_101451/04_predictions/151676_to_151675/seed44_atlas_plus_local_anchor_residual.npy	f2ccd75854a2c4395e283e2049db7daa69c109c760c7c4969b7d76c59a5d72c6	3592	8552
151676_to_151675	151676	151675	Br8100	Br8100_pos300	44	anchor_only_calibrated	results_v10/hyperspatial_map_2d_dlpfc_20260810_101451/04_predictions/151676_to_151675/seed44_anchor_only_calibrated.npy	376b13301d63f4d07fc24d4e29f1a7c2c77f226c44593253d61e7ea9b098c0b8	3592	8552
151676_to_151675	151676	151675	Br8100	Br8100_pos300	44	hyperspatial_map_calibrated_fusion	results_v10/hyperspatial_map_2d_dlpfc_20260810_101451/04_predictions/151676_to_151675/seed44_hyperspatial_map_calibrated_fusion.npy	7d5321c05d3607ea2a419700a18a9fe586bfcc2ac02936def83f3c071fa2a140	3592	8552
