pair_id	specimen_id	tumor	source_platform	target_platform	anchor_position	gene	source_prevalence	source_marginal_coverage_gain	selected_using_target_expression
COAD_VisiumHD_FFPE_to_CosMx6K	Benchmark_03	COAD	Visium HD FFPE	CosMx 6K	1	COL3A1	0.5219551750111447	0.005210540257394314	False
COAD_VisiumHD_FFPE_to_CosMx6K	Benchmark_03	COAD	Visium HD FFPE	CosMx 6K	2	PIGR	0.13667893871151215	0.0017779588233679533	False
COAD_VisiumHD_FFPE_to_CosMx6K	Benchmark_03	COAD	Visium HD FFPE	CosMx 6K	3	IGKC	0.59283776305474	0.0015799666289240122	False
COAD_VisiumHD_FFPE_to_CosMx6K	Benchmark_03	COAD	Visium HD FFPE	CosMx 6K	4	CXCL8	0.06463383702519485	0.0004974272451363504	False
COAD_VisiumHD_FFPE_to_CosMx6K	Benchmark_03	COAD	Visium HD FFPE	CosMx 6K	5	COL4A1	0.2612331483559559	0.000411852786783129	False
COAD_VisiumHD_FFPE_to_CosMx6K	Benchmark_03	COAD	Visium HD FFPE	CosMx 6K	6	CD74	0.3678077874963491	0.00037782819708809257	False
COAD_VisiumHD_FFPE_to_CosMx6K	Benchmark_03	COAD	Visium HD FFPE	CosMx 6K	7	CCL20	0.20398943938019767	0.00027797362417913973	False
COAD_VisiumHD_FFPE_to_CosMx6K	Benchmark_03	COAD	Visium HD FFPE	CosMx 6K	8	SCD	0.18455720720028285	0.00023203446471598	False
COAD_VisiumHD_FFPE_to_CosMx6K	Benchmark_03	COAD	Visium HD FFPE	CosMx 6K	9	COL1A1	0.4709467664827141	0.00022677320521324873	False
COAD_VisiumHD_FFPE_to_CosMx6K	Benchmark_03	COAD	Visium HD FFPE	CosMx 6K	10	TRAC	0.07550958449264446	0.00021857240062672645	False
COAD_VisiumHD_FFPE_to_CosMx6K	Benchmark_03	COAD	Visium HD FFPE	CosMx 6K	11	MMP12	0.07647994712004058	0.00021177608869038522	False
COAD_VisiumHD_FFPE_to_CosMx6K	Benchmark_03	COAD	Visium HD FFPE	CosMx 6K	12	SPINK1	0.3624467741687547	0.0002065730222966522	False
COAD_VisiumHD_FFPE_to_CosMx6K	Benchmark_03	COAD	Visium HD FFPE	CosMx 6K	13	F10	0.07786151292023427	0.00020051287719979882	False
COAD_VisiumHD_FFPE_to_CosMx6K	Benchmark_03	COAD	Visium HD FFPE	CosMx 6K	14	GSTP1	0.42173689145773446	0.00019846210489049554	False
COAD_VisiumHD_FFPE_to_CosMx6K	Benchmark_03	COAD	Visium HD FFPE	CosMx 6K	15	BMP7	0.052653221219620926	0.0001965888513950631	False
COAD_VisiumHD_FFPE_to_CosMx6K	Benchmark_03	COAD	Visium HD FFPE	CosMx 6K	16	TBC1D5	0.05409051081425914	0.00019592135504353791	False
HCC_VisiumHD_FFPE_to_CosMx6K	Benchmark_01	HCC	Visium HD FFPE	CosMx 6K	1	TIMP1	0.0515188876013905	0.000626812397968024	False
HCC_VisiumHD_FFPE_to_CosMx6K	Benchmark_01	HCC	Visium HD FFPE	CosMx 6K	2	TMSB4X	0.2313010428736964	0.00046061803004704416	False
HCC_VisiumHD_FFPE_to_CosMx6K	Benchmark_01	HCC	Visium HD FFPE	CosMx 6K	3	RGS5	0.08551564310544611	0.00030741243972443044	False
HCC_VisiumHD_FFPE_to_CosMx6K	Benchmark_01	HCC	Visium HD FFPE	CosMx 6K	4	C1QC	0.05584426419466976	0.0002808136341627687	False
HCC_VisiumHD_FFPE_to_CosMx6K	Benchmark_01	HCC	Visium HD FFPE	CosMx 6K	5	VWF	0.0526720741599073	0.0002688363310880959	False
HCC_VisiumHD_FFPE_to_CosMx6K	Benchmark_01	HCC	Visium HD FFPE	CosMx 6K	6	C1QB	0.05323198146002318	0.0002500548434909433	False
HCC_VisiumHD_FFPE_to_CosMx6K	Benchmark_01	HCC	Visium HD FFPE	CosMx 6K	7	VIM	0.10923568945538818	0.00024484851746819913	False
HCC_VisiumHD_FFPE_to_CosMx6K	Benchmark_01	HCC	Visium HD FFPE	CosMx 6K	8	TRA2A	0.05507114716106605	0.00023250750382430851	False
HCC_VisiumHD_FFPE_to_CosMx6K	Benchmark_01	HCC	Visium HD FFPE	CosMx 6K	9	SPARCL1	0.055035921205098495	0.00022581058146897703	False
HCC_VisiumHD_FFPE_to_CosMx6K	Benchmark_01	HCC	Visium HD FFPE	CosMx 6K	10	PPP2R1B	0.05962827346465817	0.00022269401233643293	False
HCC_VisiumHD_FFPE_to_CosMx6K	Benchmark_01	HCC	Visium HD FFPE	CosMx 6K	11	ZFP36L1	0.05276106604866744	0.0002185011253459379	False
HCC_VisiumHD_FFPE_to_CosMx6K	Benchmark_01	HCC	Visium HD FFPE	CosMx 6K	12	CD68	0.05079212050984936	0.000216593878576532	False
HCC_VisiumHD_FFPE_to_CosMx6K	Benchmark_01	HCC	Visium HD FFPE	CosMx 6K	13	TXNIP	0.05232352259559676	0.0002138768759323284	False
HCC_VisiumHD_FFPE_to_CosMx6K	Benchmark_01	HCC	Visium HD FFPE	CosMx 6K	14	COL4A1	0.0631063731170336	0.00020891244639642537	False
HCC_VisiumHD_FFPE_to_CosMx6K	Benchmark_01	HCC	Visium HD FFPE	CosMx 6K	15	TGFBR2	0.059162920046349946	0.00020556000526994467	False
HCC_VisiumHD_FFPE_to_CosMx6K	Benchmark_01	HCC	Visium HD FFPE	CosMx 6K	16	NDUFA2	0.058606720741599075	0.00020401841902639717	False
OV_VisiumHD_FFPE_to_CosMx6K	Benchmark_02	OV	Visium HD FFPE	CosMx 6K	1	COL1A1	0.40602028712993044	0.0045701321214437485	False
OV_VisiumHD_FFPE_to_CosMx6K	Benchmark_02	OV	Visium HD FFPE	CosMx 6K	2	APOE	0.17393218846323205	0.0008444553823210299	False
OV_VisiumHD_FFPE_to_CosMx6K	Benchmark_02	OV	Visium HD FFPE	CosMx 6K	3	COL4A1	0.16400680733573733	0.000716489099431783	False
OV_VisiumHD_FFPE_to_CosMx6K	Benchmark_02	OV	Visium HD FFPE	CosMx 6K	4	IGKC	0.24865618590849767	0.00029701823950745165	False
OV_VisiumHD_FFPE_to_CosMx6K	Benchmark_02	OV	Visium HD FFPE	CosMx 6K	5	C1QC	0.11313427033374193	0.0002880988467950374	False
OV_VisiumHD_FFPE_to_CosMx6K	Benchmark_02	OV	Visium HD FFPE	CosMx 6K	6	S100A9	0.41246662779027377	0.0002516825625207275	False
OV_VisiumHD_FFPE_to_CosMx6K	Benchmark_02	OV	Visium HD FFPE	CosMx 6K	7	A2M	0.10744958961603611	0.00024608965031802654	False
OV_VisiumHD_FFPE_to_CosMx6K	Benchmark_02	OV	Visium HD FFPE	CosMx 6K	8	CXCL10	0.09353144425799644	0.00024067766207735986	False
OV_VisiumHD_FFPE_to_CosMx6K	Benchmark_02	OV	Visium HD FFPE	CosMx 6K	9	COL3A1	0.35725421590679185	0.00022768798226024956	False
OV_VisiumHD_FFPE_to_CosMx6K	Benchmark_02	OV	Visium HD FFPE	CosMx 6K	10	PHC3	0.054018351244242924	0.0002219968446297571	False
OV_VisiumHD_FFPE_to_CosMx6K	Benchmark_02	OV	Visium HD FFPE	CosMx 6K	11	CCNB1	0.05282230711557	0.00021979572193231434	False
OV_VisiumHD_FFPE_to_CosMx6K	Benchmark_02	OV	Visium HD FFPE	CosMx 6K	12	PPP2R5A	0.0630491786370254	0.0002165893092751503	False
OV_VisiumHD_FFPE_to_CosMx6K	Benchmark_02	OV	Visium HD FFPE	CosMx 6K	13	DICER1	0.051546923409538994	0.0002146267070202157	False
OV_VisiumHD_FFPE_to_CosMx6K	Benchmark_02	OV	Visium HD FFPE	CosMx 6K	14	CSNK2A1	0.06262471189815971	0.0002129358472302556	False
OV_VisiumHD_FFPE_to_CosMx6K	Benchmark_02	OV	Visium HD FFPE	CosMx 6K	15	CXCR4	0.10243731181643996	0.00021143641788512468	False
OV_VisiumHD_FFPE_to_CosMx6K	Benchmark_02	OV	Visium HD FFPE	CosMx 6K	16	KDM5C	0.06933287316378466	0.00021010235650464892	False
