extension	setting	stage	source_embryo	direction	frozen_ridge	frozen_gain	budget	record_type	outer_fold	n_train_cells	n_test_cells	panel_genes	median_residual_pearson	mean_residual_mse	coverage_mean_max_squared_correlation	redundancy_mean_pairwise_squared_correlation	evaluation_unit
post-hoc experimental-design extension	50p_E1_to_E2	50% epiboly	E1	E1→E2	10.0	1.0	8	outer_fold	0	7403	1144	krt4,ism1,baz1b,efnb2a,sox32,pttg1,dynll2b,tbx3b	0.3618233771549407	0.3519537569988675	0.1426004986050311	0.039510436711008505	source cells in one held-out spatial octant; genes are technical units
post-hoc experimental-design extension	50p_E1_to_E2	50% epiboly	E1	E1→E2	10.0	1.0	16	outer_fold	0	7403	1144	krt4,ism1,baz1b,efnb2a,sox32,pttg1,dynll2b,tbx3b,dnmt3bb.2,tmed2,foxd5,fbln2,nr2f2,h1-0,cdx4,kazald2	0.39028925849123913	0.33331177538038853	0.16271204953274898	0.02714288236561007	source cells in one held-out spatial octant; genes are technical units
post-hoc experimental-design extension	50p_E1_to_E2	50% epiboly	E1	E1→E2	10.0	1.0	32	outer_fold	0	7403	1144	krt4,ism1,baz1b,efnb2a,sox32,pttg1,dynll2b,tbx3b,dnmt3bb.2,tmed2,foxd5,fbln2,nr2f2,h1-0,cdx4,kazald2,casz1,lhx5,si:ch211-113a14.18,snrpd3,nid2a,apoc1,skia,kdrl,fzd7b,bmp2b,irf2a,rreb1b,plekhg5b,itga6a,foxg1a,zeb2a	0.41658790454257155	0.31713739572790284	0.19535807628746918	0.017025029688062982	source cells in one held-out spatial octant; genes are technical units
post-hoc experimental-design extension	50p_E1_to_E2	50% epiboly	E1	E1→E2	10.0	1.0	8	outer_fold	1	7501	1046	krt4,gata5,baz1b,cdkn1ca,ppp1r7,si:dkey-68o6.5,pttg1,dlx3b	0.33367342604043254	0.3555776438421163	0.14469436442533018	0.0477950084332528	source cells in one held-out spatial octant; genes are technical units
post-hoc experimental-design extension	50p_E1_to_E2	50% epiboly	E1	E1→E2	10.0	1.0	16	outer_fold	1	7501	1046	krt4,gata5,baz1b,cdkn1ca,ppp1r7,si:dkey-68o6.5,pttg1,dlx3b,cdx4,sp8b,foxd5,tlcd5a,tmed2,efnb2a,tbx3b,her12	0.3762563935359032	0.3365665215758407	0.1655596249177431	0.03157435854841333	source cells in one held-out spatial octant; genes are technical units
post-hoc experimental-design extension	50p_E1_to_E2	50% epiboly	E1	E1→E2	10.0	1.0	32	outer_fold	1	7501	1046	krt4,gata5,baz1b,cdkn1ca,ppp1r7,si:dkey-68o6.5,pttg1,dlx3b,cdx4,sp8b,foxd5,tlcd5a,tmed2,efnb2a,tbx3b,her12,kazald2,id3,her7,kmt2bb,dync1li1,crabp2b,fzd7b,rreb1b,raraa,plekhg5b,sall1a,nkx1.2la,tead1b,zeb2b,szl,tmed10	0.3941254571167208	0.32011096722669496	0.19640986597826723	0.016430031560904546	source cells in one held-out spatial octant; genes are technical units
post-hoc experimental-design extension	50p_E1_to_E2	50% epiboly	E1	E1→E2	10.0	1.0	8	outer_fold	2	7494	1053	krt4,gata5,cdkn1ca,baz1b,cdx4,efnb2a,ppp1r7,dlx3b	0.25219117557635173	0.2854733713424469	0.14644839591405168	0.03671341930152915	source cells in one held-out spatial octant; genes are technical units
post-hoc experimental-design extension	50p_E1_to_E2	50% epiboly	E1	E1→E2	10.0	1.0	16	outer_fold	2	7494	1053	krt4,gata5,cdkn1ca,baz1b,cdx4,efnb2a,ppp1r7,dlx3b,epcam,sall3a,skia,dnmt3bb.2,myclb,mespab,irx7,meis2a	0.27357001680502674	0.27885369342943195	0.1614953641823221	0.02309076695104109	source cells in one held-out spatial octant; genes are technical units
post-hoc experimental-design extension	50p_E1_to_E2	50% epiboly	E1	E1→E2	10.0	1.0	32	outer_fold	2	7494	1053	krt4,gata5,cdkn1ca,baz1b,cdx4,efnb2a,ppp1r7,dlx3b,epcam,sall3a,skia,dnmt3bb.2,myclb,mespab,irx7,meis2a,hsp90aa1.2,pax6a,gli2a,plekhg5b,irf2a,her3,her7,mycn,nr2f2,rreb1b,ube2c,nip7,vsx2,irx5a,six3b,gadd45gip1	0.2956208466206276	0.26974241786730524	0.1941264042193408	0.013167503745856115	source cells in one held-out spatial octant; genes are technical units
post-hoc experimental-design extension	50p_E1_to_E2	50% epiboly	E1	E1→E2	10.0	1.0	8	outer_fold	3	7516	1031	krt4,gata5,cdkn1ca,baz1b,efnb2a,tmed2,dnmt3bb.2,cdx4	0.24992644747469772	0.2951921836257777	0.1462126396169829	0.039336418052443534	source cells in one held-out spatial octant; genes are technical units
post-hoc experimental-design extension	50p_E1_to_E2	50% epiboly	E1	E1→E2	10.0	1.0	16	outer_fold	3	7516	1031	krt4,gata5,cdkn1ca,baz1b,efnb2a,tmed2,dnmt3bb.2,cdx4,zgc:113424,dlx3b,dact2,epcam,plekhg5b,irx7,gadd45gip1,fzd7b	0.26519138598505393	0.2861190182017806	0.16503920154051702	0.027496233101728957	source cells in one held-out spatial octant; genes are technical units
post-hoc experimental-design extension	50p_E1_to_E2	50% epiboly	E1	E1→E2	10.0	1.0	32	outer_fold	3	7516	1031	krt4,gata5,cdkn1ca,baz1b,efnb2a,tmed2,dnmt3bb.2,cdx4,zgc:113424,dlx3b,dact2,epcam,plekhg5b,irx7,gadd45gip1,fzd7b,mespab,sox2,sall1a,nr2f2,si:ch211-113a14.18,tmed10,tbx16l,her7,snrpd3,zic3,fn1b,ppan,mab21l2,cdh2,irx5a,pax6b	0.29304310968590486	0.2749239191713672	0.19628632563603002	0.015874901107897337	source cells in one held-out spatial octant; genes are technical units
post-hoc experimental-design extension	50p_E1_to_E2	50% epiboly	E1	E1→E2	10.0	1.0	8	outer_fold	4	7555	992	krt4,gata5,cdkn1ca,cxcr4a,dnmt3bb.2,ppp1r7,nr2f2,efnb2a	0.3296475742179148	0.3776714812433156	0.15460250803047176	0.0424506449130942	source cells in one held-out spatial octant; genes are technical units
post-hoc experimental-design extension	50p_E1_to_E2	50% epiboly	E1	E1→E2	10.0	1.0	16	outer_fold	4	7555	992	krt4,gata5,cdkn1ca,cxcr4a,dnmt3bb.2,ppp1r7,nr2f2,efnb2a,kdrl,unc5b,hsp90aa1.2,dlx3b,si:ch211-113a14.12,cdx4,dynll2b,ripply1	0.3594679248892396	0.36253619363299294	0.17063976077199244	0.022100785623001683	source cells in one held-out spatial octant; genes are technical units
post-hoc experimental-design extension	50p_E1_to_E2	50% epiboly	E1	E1→E2	10.0	1.0	32	outer_fold	4	7555	992	krt4,gata5,cdkn1ca,cxcr4a,dnmt3bb.2,ppp1r7,nr2f2,efnb2a,kdrl,unc5b,hsp90aa1.2,dlx3b,si:ch211-113a14.12,cdx4,dynll2b,ripply1,tead1b,sp8b,fzd7b,fn1b,pax2a,ntd5,sox5,itga6a,otx2b,zgc:174154,her12,cnmd,id3,CU570769.1,skia,dmd	0.38280353573614095	0.3464802955496405	0.20143923448019238	0.012505787293429192	source cells in one held-out spatial octant; genes are technical units
post-hoc experimental-design extension	50p_E1_to_E2	50% epiboly	E1	E1→E2	10.0	1.0	8	outer_fold	5	7455	1092	krt4,gata5,cdkn1ca,cxcr4a,efnb2a,mibp2,cdx4,epcam	0.34135951177071927	0.3313811814835273	0.15457544762482583	0.05224955290024882	source cells in one held-out spatial octant; genes are technical units
post-hoc experimental-design extension	50p_E1_to_E2	50% epiboly	E1	E1→E2	10.0	1.0	16	outer_fold	5	7455	1092	krt4,gata5,cdkn1ca,cxcr4a,efnb2a,mibp2,cdx4,epcam,drll.3,foxc1b,snrpd3,si:dkey-68o6.5,irf2a,kmt2bb,hivep2a,her7	0.3787290610629164	0.32078935151505633	0.16962486398909188	0.031298696534818544	source cells in one held-out spatial octant; genes are technical units
post-hoc experimental-design extension	50p_E1_to_E2	50% epiboly	E1	E1→E2	10.0	1.0	32	outer_fold	5	7455	1092	krt4,gata5,cdkn1ca,cxcr4a,efnb2a,mibp2,cdx4,epcam,drll.3,foxc1b,snrpd3,si:dkey-68o6.5,irf2a,kmt2bb,hivep2a,her7,tead1b,mycn,csrp1a,crabp2b,stmn1a,kdrl,ntd5,sox2,itga6a,meis2a,myclb,kazald2,foxg1a,si:ch211-113a14.18,nid2a,rx3	0.4056795085106035	0.3071625065287629	0.20157241456107855	0.016688497209852854	source cells in one held-out spatial octant; genes are technical units
post-hoc experimental-design extension	50p_E1_to_E2	50% epiboly	E1	E1→E2	10.0	1.0	8	outer_fold	6	7462	1085	krt4,gata5,cdkn1ca,efnb2a,baz1b,cdx4,si:dkey-68o6.5,ppp1r7	0.2410182201109501	0.2922729988143112	0.14623055758583794	0.041226229658841027	source cells in one held-out spatial octant; genes are technical units
post-hoc experimental-design extension	50p_E1_to_E2	50% epiboly	E1	E1→E2	10.0	1.0	16	outer_fold	6	7462	1085	krt4,gata5,cdkn1ca,efnb2a,baz1b,cdx4,si:dkey-68o6.5,ppp1r7,dlx3b,casz1,sall3a,map2k6,nr2f2,hsp90aa1.2,kazald2,irx7	0.25747309612488	0.28727379707163947	0.16189147721929714	0.021049187761048516	source cells in one held-out spatial octant; genes are technical units
post-hoc experimental-design extension	50p_E1_to_E2	50% epiboly	E1	E1→E2	10.0	1.0	32	outer_fold	6	7462	1085	krt4,gata5,cdkn1ca,efnb2a,baz1b,cdx4,si:dkey-68o6.5,ppp1r7,dlx3b,casz1,sall3a,map2k6,nr2f2,hsp90aa1.2,kazald2,irx7,her3,creb3l1,arl4aa,fzd7b,plekhg5b,kif15,aspm,mibp2,gadd45gip1,ednraa,dmd,sall1a,crabp2b,rx3,fn1b,unc5b	0.27724910461317037	0.2787016131694781	0.193338717629104	0.010500653703367757	source cells in one held-out spatial octant; genes are technical units
post-hoc experimental-design extension	50p_E1_to_E2	50% epiboly	E1	E1→E2	10.0	1.0	8	outer_fold	7	7443	1104	krt4,gata5,cdkn1ca,baz1b,nr2f2,efnb2a,cdx4,irf2a	0.23601153022491458	0.291889876531681	0.14616586533522288	0.034770581859962596	source cells in one held-out spatial octant; genes are technical units
post-hoc experimental-design extension	50p_E1_to_E2	50% epiboly	E1	E1→E2	10.0	1.0	16	outer_fold	7	7443	1104	krt4,gata5,cdkn1ca,baz1b,nr2f2,efnb2a,cdx4,irf2a,nip7,plekhg5b,pttg1,tmed2,id3,map2k6,elavl3,foxd3	0.2502500128247406	0.28350883296930657	0.1651468659635624	0.02772665058409897	source cells in one held-out spatial octant; genes are technical units
post-hoc experimental-design extension	50p_E1_to_E2	50% epiboly	E1	E1→E2	10.0	1.0	32	outer_fold	7	7443	1104	krt4,gata5,cdkn1ca,baz1b,nr2f2,efnb2a,cdx4,irf2a,nip7,plekhg5b,pttg1,tmed2,id3,map2k6,elavl3,foxd3,mns1,mcama,irx7,si:ch211-106e7.2,kdrl,sall1a,mibp2,ednraa,syne2b,zgc:174154,elob,meis2a,skilb,coq10b,kazald2,fn1b	0.2824734315534098	0.273167197344919	0.19578215865776474	0.014846590106650995	source cells in one held-out spatial octant; genes are technical units
post-hoc experimental-design extension	50p_E1_to_E2	50% epiboly	E1	E1→E2	10.0	1.0	8	outer_summary	ALL			krt4,ism1,efnb2a,cdkn1ca,dnmt3bb.2,foxd5,tmed2,fbln2	0.29091937489713326	0.32267656173525544	0.1425633029306546	0.03950290381273725	median/mean across eight held-out source spatial octants
post-hoc experimental-design extension	50p_E1_to_E2	50% epiboly	E1	E1→E2	10.0	1.0	16	outer_summary	ALL			krt4,ism1,efnb2a,cdkn1ca,dnmt3bb.2,foxd5,tmed2,fbln2,zgc:174154,casz1,pcdh8,id3,baz1b,kdrl,tmed10,cdx4	0.3165189708471332	0.31111989797205464	0.1589374852534377	0.028048942081282176	median/mean across eight held-out source spatial octants
post-hoc experimental-design extension	50p_E1_to_E2	50% epiboly	E1	E1→E2	10.0	1.0	32	outer_summary	ALL			krt4,ism1,efnb2a,cdkn1ca,dnmt3bb.2,foxd5,tmed2,fbln2,zgc:174154,casz1,pcdh8,id3,baz1b,kdrl,tmed10,cdx4,snrpd3,irf2a,mespab,her7,skia,nip7,pax2a,unc5b,six7,rx3,fzd7b,plekhg5b,rreb1b,meis2a,nid2a,arhgap5	0.3392121911783843	0.2984282890732588	0.1899046463536351	0.015391160901474767	median/mean across eight held-out source spatial octants
post-hoc experimental-design extension	50p_E2_to_E1	50% epiboly	E2	E2→E1	0.1	1.0	8	outer_fold	0	8931	1294	si:ch211-113a14.12,snai2,sox32,dkk1b,oclna,krt8,fzd8a,pitx2	0.41150478504197313	0.39203905562545927	0.18333734213819022	0.06118209471294877	source cells in one held-out spatial octant; genes are technical units
post-hoc experimental-design extension	50p_E2_to_E1	50% epiboly	E2	E2→E1	0.1	1.0	16	outer_fold	0	8931	1294	si:ch211-113a14.12,snai2,sox32,dkk1b,oclna,krt8,fzd8a,pitx2,foxg1a,her7,six4a,six3b,sox10,syne2b,clocka,lgals3b	0.43927065377090635	0.38068778075438964	0.19926303578981325	0.031708015742255236	source cells in one held-out spatial octant; genes are technical units
post-hoc experimental-design extension	50p_E2_to_E1	50% epiboly	E2	E2→E1	0.1	1.0	32	outer_fold	0	8931	1294	si:ch211-113a14.12,snai2,sox32,dkk1b,oclna,krt8,fzd8a,pitx2,foxg1a,her7,six4a,six3b,sox10,syne2b,clocka,lgals3b,meox1,prdm1a,rx3,zic3,ets2,her12,raraa,cmtm6,sp8b,fzd7b,msx3,mns1,kazald2,zgc:175088,snrpc,tuba1a	0.4615302448601383	0.36060463562641515	0.2300984880768821	0.01972962524497426	source cells in one held-out spatial octant; genes are technical units
post-hoc experimental-design extension	50p_E2_to_E1	50% epiboly	E2	E2→E1	0.1	1.0	8	outer_fold	1	8968	1257	si:ch211-113a14.12,snai2,gata5,oclna,alcamb,nkx2.5,dkk1b,six7	0.38480615614681696	0.3793610191641123	0.17999048429238573	0.07573116400325766	source cells in one held-out spatial octant; genes are technical units
post-hoc experimental-design extension	50p_E2_to_E1	50% epiboly	E2	E2→E1	0.1	1.0	16	outer_fold	1	8968	1257	si:ch211-113a14.12,snai2,gata5,oclna,alcamb,nkx2.5,dkk1b,six7,irf2a,clocka,irx7,msx3,skilb,her7,vgll4l,zgc:175088	0.40944808436756774	0.36440787350262716	0.19733647499830662	0.04019194174813814	source cells in one held-out spatial octant; genes are technical units
post-hoc experimental-design extension	50p_E2_to_E1	50% epiboly	E2	E2→E1	0.1	1.0	32	outer_fold	1	8968	1257	si:ch211-113a14.12,snai2,gata5,oclna,alcamb,nkx2.5,dkk1b,six7,irf2a,clocka,irx7,msx3,skilb,her7,vgll4l,zgc:175088,aspm,tcf7l1a,bcl2l1,hoxc6a,nanos3,C7H16orf87,tcf7,atoh1c,tuba8l2,wnt8a,mgst3b,elavl3,snrpc,hes6,rreb1b,ets2	0.4410366935898484	0.3466026005140406	0.22804305040967238	0.022849273419294724	source cells in one held-out spatial octant; genes are technical units
post-hoc experimental-design extension	50p_E2_to_E1	50% epiboly	E2	E2→E1	0.1	1.0	8	outer_fold	2	8925	1300	si:ch211-113a14.12,frmd4ba,sox32,krt8,gata5,ets2,pax6a,rnd1b	0.2897498773366224	0.3494479567574109	0.18356593038265048	0.09684087423234924	source cells in one held-out spatial octant; genes are technical units
post-hoc experimental-design extension	50p_E2_to_E1	50% epiboly	E2	E2→E1	0.1	1.0	16	outer_fold	2	8925	1300	si:ch211-113a14.12,frmd4ba,sox32,krt8,gata5,ets2,pax6a,rnd1b,irf2a,pmp22b,si:dkey-66i24.9,tbx3b,pbx1b,ppan,pttg1,cxcl12b	0.3043536148780268	0.34495287614647446	0.19847003268675917	0.04524471208299121	source cells in one held-out spatial octant; genes are technical units
post-hoc experimental-design extension	50p_E2_to_E1	50% epiboly	E2	E2→E1	0.1	1.0	32	outer_fold	2	8925	1300	si:ch211-113a14.12,frmd4ba,sox32,krt8,gata5,ets2,pax6a,rnd1b,irf2a,pmp22b,si:dkey-66i24.9,tbx3b,pbx1b,ppan,pttg1,cxcl12b,bach1b,tcf7l1a,lhfpl6,oclna,rab11fip4a,hells,zic3,nip7,raraa,irx7,rreb1b,gli2a,vsx2,apex1,foxo1a,her3	0.3261947431945465	0.33459924830369225	0.22952535343662397	0.023032797839187446	source cells in one held-out spatial octant; genes are technical units
post-hoc experimental-design extension	50p_E2_to_E1	50% epiboly	E2	E2→E1	0.1	1.0	8	outer_fold	3	8963	1262	krt4,gata5,oclna,cxcr4a,mdm2,rab11fip4a,tbx3b,foxp2	0.33860031595218076	0.3334074165357503	0.1834412967825977	0.05633753159201067	source cells in one held-out spatial octant; genes are technical units
post-hoc experimental-design extension	50p_E2_to_E1	50% epiboly	E2	E2→E1	0.1	1.0	16	outer_fold	3	8963	1262	krt4,gata5,oclna,cxcr4a,mdm2,rab11fip4a,tbx3b,foxp2,six7,tagln2,rx3,zic3,nanos3,pbx1b,CU570769.1,fzd8a	0.3768086198877645	0.32455251027258075	0.19947272511012756	0.029184646508416255	source cells in one held-out spatial octant; genes are technical units
post-hoc experimental-design extension	50p_E2_to_E1	50% epiboly	E2	E2→E1	0.1	1.0	32	outer_fold	3	8963	1262	krt4,gata5,oclna,cxcr4a,mdm2,rab11fip4a,tbx3b,foxp2,six7,tagln2,rx3,zic3,nanos3,pbx1b,CU570769.1,fzd8a,rnd1b,tph1b,si:ch211-163l21.7,mgst3b,etv2,sdc4,raraa,sp8b,unc5b,zgc:175088,rdh10b,tcf7l2,aplnrb,hic1l,bcl2l1,creb3l1	0.3961549660364177	0.3152832780616728	0.23055331180567004	0.01649215251031182	source cells in one held-out spatial octant; genes are technical units
post-hoc experimental-design extension	50p_E2_to_E1	50% epiboly	E2	E2→E1	0.1	1.0	8	outer_fold	4	9010	1215	vent,gata5,oclna,snai2,nkx2.5,vsx2,CU570769.1,ets2	0.3367488674465349	0.5397428707792589	0.1683322300615284	0.05620244527345881	source cells in one held-out spatial octant; genes are technical units
post-hoc experimental-design extension	50p_E2_to_E1	50% epiboly	E2	E2→E1	0.1	1.0	16	outer_fold	4	9010	1215	vent,gata5,oclna,snai2,nkx2.5,vsx2,CU570769.1,ets2,foxg1a,krt18a.1,snrpd3,irf2a,uncx4.1,hic1l,nanos3,lmo4a	0.36120705502907274	0.5176528654542231	0.19700210153314293	0.041491077691065525	source cells in one held-out spatial octant; genes are technical units
post-hoc experimental-design extension	50p_E2_to_E1	50% epiboly	E2	E2→E1	0.1	1.0	32	outer_fold	4	9010	1215	vent,gata5,oclna,snai2,nkx2.5,vsx2,CU570769.1,ets2,foxg1a,krt18a.1,snrpd3,irf2a,uncx4.1,hic1l,nanos3,lmo4a,creb3l2,atf6,kmt2bb,zeb1b,tbr1b,tuba1a,meis2a,irx7,mycn,nkx1.2la,ripply1,prdm1a,jcada,ephb3a,si:ch211-113a14.18,creb3l1	0.37900715816627	0.49242772100264787	0.22771956134116184	0.019007102500063742	source cells in one held-out spatial octant; genes are technical units
post-hoc experimental-design extension	50p_E2_to_E1	50% epiboly	E2	E2→E1	0.1	1.0	8	outer_fold	5	8878	1347	krt4,gata5,oclna,vent,snrpd3,six7,baz1b,clocka	0.3930443768584422	0.404699974340905	0.17124845504840525	0.04476634628461925	source cells in one held-out spatial octant; genes are technical units
post-hoc experimental-design extension	50p_E2_to_E1	50% epiboly	E2	E2→E1	0.1	1.0	16	outer_fold	5	8878	1347	krt4,gata5,oclna,vent,snrpd3,six7,baz1b,clocka,spon1b,snai2,nanos3,hic1l,tcf7,atf6,zic3,zgc:175088	0.41714754973609997	0.39216091005946313	0.20193960057665422	0.028384403646711236	source cells in one held-out spatial octant; genes are technical units
post-hoc experimental-design extension	50p_E2_to_E1	50% epiboly	E2	E2→E1	0.1	1.0	32	outer_fold	5	8878	1347	krt4,gata5,oclna,vent,snrpd3,six7,baz1b,clocka,spon1b,snai2,nanos3,hic1l,tcf7,atf6,zic3,zgc:175088,meox1,C7H16orf87,gli2a,dand5,tuba8l2,aplnrb,nip7,mdm2,six4b,tph1b,zgc:113372,etv2,dmd,foxo1a,hes6,dynll2b	0.4528953810819062	0.3708656387733662	0.23816387053705024	0.018673207237372293	source cells in one held-out spatial octant; genes are technical units
post-hoc experimental-design extension	50p_E2_to_E1	50% epiboly	E2	E2→E1	0.1	1.0	8	outer_fold	6	8921	1304	krt4,gata5,oclna,si:ch211-113a14.12,vgll4l,dkk1b,pcdh7b,mgst3b	0.3098540372094297	0.3285994960461576	0.17932059127114763	0.05925705575603819	source cells in one held-out spatial octant; genes are technical units
post-hoc experimental-design extension	50p_E2_to_E1	50% epiboly	E2	E2→E1	0.1	1.0	16	outer_fold	6	8921	1304	krt4,gata5,oclna,si:ch211-113a14.12,vgll4l,dkk1b,pcdh7b,mgst3b,nanos3,kmt2bb,si:dkey-108k21.21,aplnrb,pttg1,cux1a,zeb2b,tcf7l2	0.3323622659051857	0.32247470885431023	0.19441114032380055	0.03279376760332113	source cells in one held-out spatial octant; genes are technical units
post-hoc experimental-design extension	50p_E2_to_E1	50% epiboly	E2	E2→E1	0.1	1.0	32	outer_fold	6	8921	1304	krt4,gata5,oclna,si:ch211-113a14.12,vgll4l,dkk1b,pcdh7b,mgst3b,nanos3,kmt2bb,si:dkey-108k21.21,aplnrb,pttg1,cux1a,zeb2b,tcf7l2,tuba8l2,clocka,vsx2,snrpg,si:ch211-113a14.18,rx3,hic1l,hells,uncx4.1,syne2b,zic3,mycn,cdc42ep4a,creb3l1,rdh10b,etv2	0.3521948990249305	0.309757623070087	0.22590648961944826	0.016285881335431296	source cells in one held-out spatial octant; genes are technical units
post-hoc experimental-design extension	50p_E2_to_E1	50% epiboly	E2	E2→E1	0.1	1.0	8	outer_fold	7	8979	1246	krt4,gata5,oclna,si:ch211-113a14.12,snai2,six7,fzd7b,snrpd3	0.3395188830079673	0.31517265909263104	0.18713273905153552	0.055951568146498466	source cells in one held-out spatial octant; genes are technical units
post-hoc experimental-design extension	50p_E2_to_E1	50% epiboly	E2	E2→E1	0.1	1.0	16	outer_fold	7	8979	1246	krt4,gata5,oclna,si:ch211-113a14.12,snai2,six7,fzd7b,snrpd3,hoxc8a,tbx3b,irf2a,foxp2,meox1,mgst3b,C7H16orf87,nanos3	0.35541850461709723	0.31208933589498167	0.20290316814318435	0.030557822962172257	source cells in one held-out spatial octant; genes are technical units
post-hoc experimental-design extension	50p_E2_to_E1	50% epiboly	E2	E2→E1	0.1	1.0	32	outer_fold	7	8979	1246	krt4,gata5,oclna,si:ch211-113a14.12,snai2,six7,fzd7b,snrpd3,hoxc8a,tbx3b,irf2a,foxp2,meox1,mgst3b,C7H16orf87,nanos3,ccnf,fzd8a,irx7,etv2,si:ch211-113a14.18,lgals3b,nkx1.2la,szl,uncx4.1,ca9,snrpc,si:ch211-163l21.7,hic1l,ripply1,tph1b,ednraa	0.3741797129515351	0.30559404845886123	0.23470940463487083	0.018961717046517577	source cells in one held-out spatial octant; genes are technical units
post-hoc experimental-design extension	50p_E2_to_E1	50% epiboly	E2	E2→E1	0.1	1.0	8	outer_summary	ALL			krt4,gata5,oclna,si:ch211-113a14.12,snai2,mdm2,six7,cmtm6	0.339059599480074	0.38030880604271067	0.19079360780411608	0.07996491936107865	median/mean across eight held-out source spatial octants
post-hoc experimental-design extension	50p_E2_to_E1	50% epiboly	E2	E2→E1	0.1	1.0	16	outer_summary	ALL			krt4,gata5,oclna,si:ch211-113a14.12,snai2,mdm2,six7,cmtm6,nanos3,tcf7l2,hic1l,atoh1c,zgc:175088,tph1b,wnt8a,C7H16orf87	0.3690078374584186	0.36987235761738124	0.20728204757124152	0.03136937744631408	median/mean across eight held-out source spatial octants
post-hoc experimental-design extension	50p_E2_to_E1	50% epiboly	E2	E2→E1	0.1	1.0	32	outer_summary	ALL			krt4,gata5,oclna,si:ch211-113a14.12,snai2,mdm2,six7,cmtm6,nanos3,tcf7l2,hic1l,atoh1c,zgc:175088,tph1b,wnt8a,C7H16orf87,pttg1,foxg1a,aurkb,fzd7b,CU570769.1,stmn1a,rx3,msx1b,kmt2bb,syne2b,nip7,gata3,itga6a,foxb1a,mycn,fzd8a	0.38758106210134385	0.3544668492263479	0.23739425069867962	0.01960567204335825	median/mean across eight held-out source spatial octants
post-hoc experimental-design extension	75p_E1_to_E2	75% epiboly	E1	E1→E2	10.0	1.0	8	outer_fold	0	15986	2610	lamb1a,sox11a,efnb2b,xbp1,chrd,cdh6,irx1b,tuba8l2	0.3120300700568	0.40654795555615386	0.156454814873376	0.07291820865273332	source cells in one held-out spatial octant; genes are technical units
post-hoc experimental-design extension	75p_E1_to_E2	75% epiboly	E1	E1→E2	10.0	1.0	16	outer_fold	0	15986	2610	lamb1a,sox11a,efnb2b,xbp1,chrd,cdh6,irx1b,tuba8l2,fezf2,kdrl,id3,msx3,kazald2,cxcr4a,elf1,vgll4l	0.33927833613015235	0.3874710527430519	0.18683505539034498	0.03938017349979161	source cells in one held-out spatial octant; genes are technical units
post-hoc experimental-design extension	75p_E1_to_E2	75% epiboly	E1	E1→E2	10.0	1.0	32	outer_fold	0	15986	2610	lamb1a,sox11a,efnb2b,xbp1,chrd,cdh6,irx1b,tuba8l2,fezf2,kdrl,id3,msx3,kazald2,cxcr4a,elf1,vgll4l,rhov,fzd7b,tfap2c,tead1a,her5,apoc1,rfx2,six7,hoxb1b,six4b,rbbp4,skila,foxi1,meis1b,her6,acvr1ba	0.3976375718534307	0.3617461522579817	0.23151803919427602	0.036106072201546525	source cells in one held-out spatial octant; genes are technical units
post-hoc experimental-design extension	75p_E1_to_E2	75% epiboly	E1	E1→E2	10.0	1.0	8	outer_fold	1	16141	2455	grhl1,snai1a,crabp2b,ca9,six4a,foxi1,her9,sox17	0.3315246034747154	0.38624737094194156	0.1606882504255938	0.04714416959793908	source cells in one held-out spatial octant; genes are technical units
post-hoc experimental-design extension	75p_E1_to_E2	75% epiboly	E1	E1→E2	10.0	1.0	16	outer_fold	1	16141	2455	grhl1,snai1a,crabp2b,ca9,six4a,foxi1,her9,sox17,hoxb1b,ndr2,fezf2,her5,nasp,six4b,syne2b,rfx2	0.3689889635528199	0.3749185438262667	0.19245865674661325	0.032915492650307375	source cells in one held-out spatial octant; genes are technical units
post-hoc experimental-design extension	75p_E1_to_E2	75% epiboly	E1	E1→E2	10.0	1.0	32	outer_fold	1	16141	2455	grhl1,snai1a,crabp2b,ca9,six4a,foxi1,her9,sox17,hoxb1b,ndr2,fezf2,her5,nasp,six4b,syne2b,rfx2,nr2f2,fzd7b,pcdh10b,rhov,tead1a,axin2,casz1,foxn2b,nanog,unga,sox13,kazald2,olig4,twist2,zeb1b,sox11b	0.4128420775907932	0.3533988231864064	0.22641773286666433	0.023814301305914838	source cells in one held-out spatial octant; genes are technical units
post-hoc experimental-design extension	75p_E1_to_E2	75% epiboly	E1	E1→E2	10.0	1.0	8	outer_fold	2	16675	1921	lamb1a,sox11a,klf2b,zic3,cdh6,six4a,lmo4a,lft2	0.324720577736985	0.37039763822942784	0.1689754661166187	0.06007552992541655	source cells in one held-out spatial octant; genes are technical units
post-hoc experimental-design extension	75p_E1_to_E2	75% epiboly	E1	E1→E2	10.0	1.0	16	outer_fold	2	16675	1921	lamb1a,sox11a,klf2b,zic3,cdh6,six4a,lmo4a,lft2,irx1b,tfap2c,foxn2b,six4b,fezf2,rbbp4,zeb1a,si:dkey-92i17.2	0.36103055184484134	0.3543371934694129	0.2014979840891718	0.05494182975920866	source cells in one held-out spatial octant; genes are technical units
post-hoc experimental-design extension	75p_E1_to_E2	75% epiboly	E1	E1→E2	10.0	1.0	32	outer_fold	2	16675	1921	lamb1a,sox11a,klf2b,zic3,cdh6,six4a,lmo4a,lft2,irx1b,tfap2c,foxn2b,six4b,fezf2,rbbp4,zeb1a,si:dkey-92i17.2,irx5a,kazald2,apoc1,sox13,ripply1,bmp2b,kdrl,olig4,gata5,zgc:174154,efnb2a,rfx2,vox,tdgf1,casz1,dbx1a	0.40340314239801317	0.3357649260190964	0.2316672197791831	0.03222454907245388	source cells in one held-out spatial octant; genes are technical units
post-hoc experimental-design extension	75p_E1_to_E2	75% epiboly	E1	E1→E2	10.0	1.0	8	outer_fold	3	16284	2312	lamb1a,sox11a,efnb2b,cst3,zic3,six4b,aplnra,tfap2c	0.32971028978032735	0.43263065766668635	0.1533560785728093	0.055936573135685765	source cells in one held-out spatial octant; genes are technical units
post-hoc experimental-design extension	75p_E1_to_E2	75% epiboly	E1	E1→E2	10.0	1.0	16	outer_fold	3	16284	2312	lamb1a,sox11a,efnb2b,cst3,zic3,six4b,aplnra,tfap2c,sox3,ndr2,apoc1,cxcr4a,foxi1,gata2a,elob,oclna	0.3497818046669595	0.4190949435052923	0.18121037442568838	0.05131925652667649	source cells in one held-out spatial octant; genes are technical units
post-hoc experimental-design extension	75p_E1_to_E2	75% epiboly	E1	E1→E2	10.0	1.0	32	outer_fold	3	16284	2312	lamb1a,sox11a,efnb2b,cst3,zic3,six4b,aplnra,tfap2c,sox3,ndr2,apoc1,cxcr4a,foxi1,gata2a,elob,oclna,fezf2,pax6a,zic2a,kazald2,bmp4,mns1,ntd5,si:ch211-106e7.2,syne2b,ism1,cmtm6,zbtb18,twist2,ved,rab11fip4a,pmp22b	0.3890893496607948	0.4000243388306594	0.21373396677107598	0.0347897945997916	source cells in one held-out spatial octant; genes are technical units
post-hoc experimental-design extension	75p_E1_to_E2	75% epiboly	E1	E1→E2	10.0	1.0	8	outer_fold	4	16367	2229	lamb1a,sox11a,six4a,xbp1,her9,lmnb1,cdh2,sox17	0.3243913053651577	0.43891953889877394	0.15063657072634337	0.05297173896895923	source cells in one held-out spatial octant; genes are technical units
post-hoc experimental-design extension	75p_E1_to_E2	75% epiboly	E1	E1→E2	10.0	1.0	16	outer_fold	4	16367	2229	lamb1a,sox11a,six4a,xbp1,her9,lmnb1,cdh2,sox17,tp63,lbx2,axin2,chrd,srrm4,irx1b,meis2a,rx3	0.3703357627473765	0.40922376371004404	0.17536501642755645	0.02477020455952914	source cells in one held-out spatial octant; genes are technical units
post-hoc experimental-design extension	75p_E1_to_E2	75% epiboly	E1	E1→E2	10.0	1.0	32	outer_fold	4	16367	2229	lamb1a,sox11a,six4a,xbp1,her9,lmnb1,cdh2,sox17,tp63,lbx2,axin2,chrd,srrm4,irx1b,meis2a,rx3,tfap2c,olig4,rreb1a,kazald2,ndufv3,fzd7b,cmtm6,tmed2,lft2,foxb1a,pfn2,fezf2,sox13,vent,ephb3a,map1lc3b	0.40686501097455724	0.3861338082961638	0.21523504817753028	0.02480964016329088	source cells in one held-out spatial octant; genes are technical units
post-hoc experimental-design extension	75p_E1_to_E2	75% epiboly	E1	E1→E2	10.0	1.0	8	outer_fold	5	16592	2004	lamb1a,sox11a,pcdh8,cdh6,zeb1a,zic2a,tfap2c,sox17	0.31340851762904587	0.492585722204113	0.15734331223187764	0.05467477214246611	source cells in one held-out spatial octant; genes are technical units
post-hoc experimental-design extension	75p_E1_to_E2	75% epiboly	E1	E1→E2	10.0	1.0	16	outer_fold	5	16592	2004	lamb1a,sox11a,pcdh8,cdh6,zeb1a,zic2a,tfap2c,sox17,olig4,foxi1,chrd,tuba8l2,her9,pfn2,map1lc3b,tdgf1	0.33998336425828385	0.4737684450589564	0.17656552612644041	0.04733465598208656	source cells in one held-out spatial octant; genes are technical units
post-hoc experimental-design extension	75p_E1_to_E2	75% epiboly	E1	E1→E2	10.0	1.0	32	outer_fold	5	16592	2004	lamb1a,sox11a,pcdh8,cdh6,zeb1a,zic2a,tfap2c,sox17,olig4,foxi1,chrd,tuba8l2,her9,pfn2,map1lc3b,tdgf1,fzd7b,sall3a,efnb2b,kdrl,mycla,ccne2,hoxb1b,ved,apoc1,xbp1,tead1b,rfx2,lbx2,ackr3b,aplnra,cdc42ep4a	0.3792146324879971	0.4513747392178713	0.21771234853118612	0.033935022840484066	source cells in one held-out spatial octant; genes are technical units
post-hoc experimental-design extension	75p_E1_to_E2	75% epiboly	E1	E1→E2	10.0	1.0	8	outer_fold	6	16058	2538	lamb1a,sox11a,six4a,cdh6,irx1b,dlx3b,ndr2,xbp1	0.304350405736392	0.3873488107363699	0.1641808718517163	0.05712400595562357	source cells in one held-out spatial octant; genes are technical units
post-hoc experimental-design extension	75p_E1_to_E2	75% epiboly	E1	E1→E2	10.0	1.0	16	outer_fold	6	16058	2538	lamb1a,sox11a,six4a,cdh6,irx1b,dlx3b,ndr2,xbp1,sox17,sdc4,hoxb1b,pfn2,szl,foxc1b,elf1,mgst3b	0.337096636162105	0.3703734107609803	0.1911190603257258	0.03783616822293553	source cells in one held-out spatial octant; genes are technical units
post-hoc experimental-design extension	75p_E1_to_E2	75% epiboly	E1	E1→E2	10.0	1.0	32	outer_fold	6	16058	2538	lamb1a,sox11a,six4a,cdh6,irx1b,dlx3b,ndr2,xbp1,sox17,sdc4,hoxb1b,pfn2,szl,foxc1b,elf1,mgst3b,cdca8,uncx4.1,twist2,her9,etv5a,tp63,six7,bmp4,ved,zic3,tpx2,fzd7b,si:ch211-106e7.2,snrpd3,ccne2,gata5	0.3684570694827814	0.3441249583091513	0.22489718305306514	0.028960876518424845	source cells in one held-out spatial octant; genes are technical units
post-hoc experimental-design extension	75p_E1_to_E2	75% epiboly	E1	E1→E2	10.0	1.0	8	outer_fold	7	16069	2527	lamb1a,sox11a,six4a,cdh6,gata2a,sox17,irx1b,klf2a	0.280563520458835	0.4440604411574161	0.15813367613677645	0.05957162569169593	source cells in one held-out spatial octant; genes are technical units
post-hoc experimental-design extension	75p_E1_to_E2	75% epiboly	E1	E1→E2	10.0	1.0	16	outer_fold	7	16069	2527	lamb1a,sox11a,six4a,cdh6,gata2a,sox17,irx1b,klf2a,kmt2bb,snai1a,tead1b,axin2,si:ch211-113a14.12,mgst3b,frmd4ba,sall3a	0.3154471780962807	0.4289234385750909	0.17770593495360298	0.03516460118376661	source cells in one held-out spatial octant; genes are technical units
post-hoc experimental-design extension	75p_E1_to_E2	75% epiboly	E1	E1→E2	10.0	1.0	32	outer_fold	7	16069	2527	lamb1a,sox11a,six4a,cdh6,gata2a,sox17,irx1b,klf2a,kmt2bb,snai1a,tead1b,axin2,si:ch211-113a14.12,mgst3b,frmd4ba,sall3a,klf3,meis2a,foxp1b,si:dkey-92i17.2,snai2,tgif1,cnmd,zbtb18,ripply1,lratb.1,tuba8l2,trps1,her9,zeb1a,dynll1,skila	0.3834184490335552	0.40261444954455555	0.2250545247665413	0.025388285955149754	source cells in one held-out spatial octant; genes are technical units
post-hoc experimental-design extension	75p_E1_to_E2	75% epiboly	E1	E1→E2	10.0	1.0	8	outer_summary	ALL			znf185,snai1a,xbp1,tuba8l2,bmp4,sox11b,lmo4a,irx1b	0.3188999114971018	0.4198422669238603	0.16686148379878893	0.06299580986920392	median/mean across eight held-out source spatial octants
post-hoc experimental-design extension	75p_E1_to_E2	75% epiboly	E1	E1→E2	10.0	1.0	16	outer_summary	ALL			znf185,snai1a,xbp1,tuba8l2,bmp4,sox11b,lmo4a,irx1b,cdh2,fezf2,foxn2b,sox5,cxcr4a,fzd7b,dynll1,foxi1	0.34488258446262166	0.402263848956137	0.18885164634414414	0.03627113599081834	median/mean across eight held-out source spatial octants
post-hoc experimental-design extension	75p_E1_to_E2	75% epiboly	E1	E1→E2	10.0	1.0	32	outer_summary	ALL			znf185,snai1a,xbp1,tuba8l2,bmp4,sox11b,lmo4a,irx1b,cdh2,fezf2,foxn2b,sox5,cxcr4a,fzd7b,dynll1,foxi1,ndr2,sall3a,zic3,zeb1a,six7,cdca8,mgst3b,lmnb1,apoc1,kdrl,kazald2,lft2,pfn2,irx5a,axin2,pcdh10b	0.3933634607571127	0.3793977744577357	0.2303676101981311	0.03155548853882524	median/mean across eight held-out source spatial octants
post-hoc experimental-design extension	75p_E2_to_E1	75% epiboly	E2	E2→E1	10.0	1.0	8	outer_fold	0	15598	2347	lamb1a,sox11a,xbp1,six4a,otx2b,znf185,lamp2,cdca8	0.32532320022496286	0.41848042510375166	0.1639256532808457	0.06064509826123114	source cells in one held-out spatial octant; genes are technical units
post-hoc experimental-design extension	75p_E2_to_E1	75% epiboly	E2	E2→E1	10.0	1.0	16	outer_fold	0	15598	2347	lamb1a,sox11a,xbp1,six4a,otx2b,znf185,lamp2,cdca8,foxi1,skia,zic2a,sox10,grhl2b,lima1a,rab11fip4a,axin2	0.35263281655769446	0.39079109570818965	0.18761345141788277	0.03325509491297177	source cells in one held-out spatial octant; genes are technical units
post-hoc experimental-design extension	75p_E2_to_E1	75% epiboly	E2	E2→E1	10.0	1.0	32	outer_fold	0	15598	2347	lamb1a,sox11a,xbp1,six4a,otx2b,znf185,lamp2,cdca8,foxi1,skia,zic2a,sox10,grhl2b,lima1a,rab11fip4a,axin2,foxb1b,nog1,zeb1b,tuba8l2,pfn2,cxcr4a,esrra,creb3l1,irx1b,apoc1,syne2b,foxd5,foxc1b,ndufv3,si:dkey-261m9.12,mibp2	0.40773562036905714	0.3666193589890182	0.22306717791178043	0.026037377647837562	source cells in one held-out spatial octant; genes are technical units
post-hoc experimental-design extension	75p_E2_to_E1	75% epiboly	E2	E2→E1	10.0	1.0	8	outer_fold	1	15837	2108	lamb1a,sox11a,klf2b,zeb1a,id3,otx2b,lamp2,six4a	0.32406544579436564	0.47753445014618223	0.16296665605637825	0.0656810197341384	source cells in one held-out spatial octant; genes are technical units
post-hoc experimental-design extension	75p_E2_to_E1	75% epiboly	E2	E2→E1	10.0	1.0	16	outer_fold	1	15837	2108	lamb1a,sox11a,klf2b,zeb1a,id3,otx2b,lamp2,six4a,irx1b,foxi1,zic3,sox17,foxd5,nog1,si:dkey-108k21.14,ccne2	0.3790658865621968	0.4403099238629629	0.18547691388662002	0.05150978991758127	source cells in one held-out spatial octant; genes are technical units
post-hoc experimental-design extension	75p_E2_to_E1	75% epiboly	E2	E2→E1	10.0	1.0	32	outer_fold	1	15837	2108	lamb1a,sox11a,klf2b,zeb1a,id3,otx2b,lamp2,six4a,irx1b,foxi1,zic3,sox17,foxd5,nog1,si:dkey-108k21.14,ccne2,zeb2b,rdh10b,foxb1b,dharma,fn1b,mibp2,hivep2a,cdkn1ca,itm2cb,tead1b,sdc4,pfn2,si:ch211-106e7.2,mgst3b,kazald2,aurkb	0.41611426917700023	0.4167984598010079	0.215802644308188	0.026325217400034084	source cells in one held-out spatial octant; genes are technical units
post-hoc experimental-design extension	75p_E2_to_E1	75% epiboly	E2	E2→E1	10.0	1.0	8	outer_fold	2	15925	2020	lamb1a,sox11a,klf2b,otx2b,tram1,zic2a,zeb1a,ets2	0.29046116221538665	0.4198344484802581	0.15049739462015266	0.053473129228109824	source cells in one held-out spatial octant; genes are technical units
post-hoc experimental-design extension	75p_E2_to_E1	75% epiboly	E2	E2→E1	10.0	1.0	16	outer_fold	2	15925	2020	lamb1a,sox11a,klf2b,otx2b,tram1,zic2a,zeb1a,ets2,irx1b,six4b,six4a,nasp,arl4d,lamp2,foxb1b,six7	0.32405982344679435	0.40358142549130477	0.1844452103636593	0.04701768902767845	source cells in one held-out spatial octant; genes are technical units
post-hoc experimental-design extension	75p_E2_to_E1	75% epiboly	E2	E2→E1	10.0	1.0	32	outer_fold	2	15925	2020	lamb1a,sox11a,klf2b,otx2b,tram1,zic2a,zeb1a,ets2,irx1b,six4b,six4a,nasp,arl4d,lamp2,foxb1b,six7,her6,mycn,skia,vgll4l,ntd5,si:dkey-108k21.14,zic3,tmed10,mdm2,pitx2,hoxc3a,hesx1,hsp90aa1.2,atoh1c,pax3a,foxi1	0.35299084758894234	0.38075667013587544	0.21781895214489233	0.02970262852447043	source cells in one held-out spatial octant; genes are technical units
post-hoc experimental-design extension	75p_E2_to_E1	75% epiboly	E2	E2→E1	10.0	1.0	8	outer_fold	3	15447	2498	lamb1a,sox11a,klf2b,foxd5,meis1b,irx1b,ackr3b,smtnl	0.3154675142022936	0.40191691836502175	0.15144171339348728	0.057154896948758804	source cells in one held-out spatial octant; genes are technical units
post-hoc experimental-design extension	75p_E2_to_E1	75% epiboly	E2	E2→E1	10.0	1.0	16	outer_fold	3	15447	2498	lamb1a,sox11a,klf2b,foxd5,meis1b,irx1b,ackr3b,smtnl,dynll1,zic2a,otx2b,atp2b1a,zeb1b,nog1,crabp2b,fn1b	0.37545305674285595	0.3780098607838975	0.18151986046349913	0.049486384089067255	source cells in one held-out spatial octant; genes are technical units
post-hoc experimental-design extension	75p_E2_to_E1	75% epiboly	E2	E2→E1	10.0	1.0	32	outer_fold	3	15447	2498	lamb1a,sox11a,klf2b,foxd5,meis1b,irx1b,ackr3b,smtnl,dynll1,zic2a,otx2b,atp2b1a,zeb1b,nog1,crabp2b,fn1b,cdca8,sall3a,irf2a,aurkb,creb3l2,creb3l1,sox17,pax3a,mycla,ets2,cd63,si:dkey-68o6.5,ndufv3,mab21l2,C7H16orf87,mgst3b	0.4047725701904811	0.36372392142139315	0.21626885337712037	0.023782262894469375	source cells in one held-out spatial octant; genes are technical units
post-hoc experimental-design extension	75p_E2_to_E1	75% epiboly	E2	E2→E1	10.0	1.0	8	outer_fold	4	15784	2161	lamb1a,sox11a,tfap2a,xbp1,otx2b,meis1b,atp2b1a,six4b	0.3571828200554303	0.42233322455972094	0.15765651525852514	0.0521281454175575	source cells in one held-out spatial octant; genes are technical units
post-hoc experimental-design extension	75p_E2_to_E1	75% epiboly	E2	E2→E1	10.0	1.0	16	outer_fold	4	15784	2161	lamb1a,sox11a,tfap2a,xbp1,otx2b,meis1b,atp2b1a,six4b,ntd5,foxd5,nasp,nckap5l,zic3,foxn2b,bmp4,tead1b	0.40671776166955803	0.3992193000323429	0.18638081536029005	0.04409935960047608	source cells in one held-out spatial octant; genes are technical units
post-hoc experimental-design extension	75p_E2_to_E1	75% epiboly	E2	E2→E1	10.0	1.0	32	outer_fold	4	15784	2161	lamb1a,sox11a,tfap2a,xbp1,otx2b,meis1b,atp2b1a,six4b,ntd5,foxd5,nasp,nckap5l,zic3,foxn2b,bmp4,tead1b,grhl2b,her2,tuba8l2,perp,zeb1b,sox17,efna1a,gfi1aa,tpx2,pttg1,hoxb1b,six7,rdh10b,hesx1,ndufv3,fzd7b	0.4524633104804003	0.37325947151991073	0.22477718405915964	0.026697852370120945	source cells in one held-out spatial octant; genes are technical units
post-hoc experimental-design extension	75p_E2_to_E1	75% epiboly	E2	E2→E1	10.0	1.0	8	outer_fold	5	15588	2357	lamb1a,crabp2b,klf2b,xbp1,pcdh10b,otx2b,lamp2,sox17	0.2840340297059541	0.5584664463823525	0.1652299588663117	0.05738511258137692	source cells in one held-out spatial octant; genes are technical units
post-hoc experimental-design extension	75p_E2_to_E1	75% epiboly	E2	E2→E1	10.0	1.0	16	outer_fold	5	15588	2357	lamb1a,crabp2b,klf2b,xbp1,pcdh10b,otx2b,lamp2,sox17,foxd5,irx1b,apoc1,fn1b,nckap5l,skia,rdh10b,six4a	0.3226795308481089	0.5371753444595134	0.1868976903535073	0.041930616862205235	source cells in one held-out spatial octant; genes are technical units
post-hoc experimental-design extension	75p_E2_to_E1	75% epiboly	E2	E2→E1	10.0	1.0	32	outer_fold	5	15588	2357	lamb1a,crabp2b,klf2b,xbp1,pcdh10b,otx2b,lamp2,sox17,foxd5,irx1b,apoc1,fn1b,nckap5l,skia,rdh10b,six4a,cdca8,dkk1b,hoxb1b,rreb1a,rnd1b,fezf2,atoh1c,gadd45gip1,tead1a,foxp1b,foxb1a,kazald2,zeb2b,tcf7l2,her6,sall3a	0.36099869700540355	0.5138633838767837	0.2180254231225562	0.026404768763917123	source cells in one held-out spatial octant; genes are technical units
post-hoc experimental-design extension	75p_E2_to_E1	75% epiboly	E2	E2→E1	10.0	1.0	8	outer_fold	6	15500	2445	lamb1a,sox11a,pcdh8,rrbp1b,frmd4ba,irx1b,otx2b,foxi1	0.3471273251904173	0.3845714978772466	0.15399948660954219	0.04577379609462768	source cells in one held-out spatial octant; genes are technical units
post-hoc experimental-design extension	75p_E2_to_E1	75% epiboly	E2	E2→E1	10.0	1.0	16	outer_fold	6	15500	2445	lamb1a,sox11a,pcdh8,rrbp1b,frmd4ba,irx1b,otx2b,foxi1,sox17,nog1,zeb1a,zic2a,lamp2,tmed10,sox5,si:ch211-113a14.12	0.3706683332484318	0.3703706220443504	0.17880791118157802	0.04020172818707558	source cells in one held-out spatial octant; genes are technical units
post-hoc experimental-design extension	75p_E2_to_E1	75% epiboly	E2	E2→E1	10.0	1.0	32	outer_fold	6	15500	2445	lamb1a,sox11a,pcdh8,rrbp1b,frmd4ba,irx1b,otx2b,foxi1,sox17,nog1,zeb1a,zic2a,lamp2,tmed10,sox5,si:ch211-113a14.12,dynll1,foxb1b,tead1b,creb3l1,ndufv3,pax6b,cdca8,her9,si:dkey-68o6.5,acvr1ba,olig4,fnbp1l,cd63,h1-0,plagl2,nanog	0.40308902549633957	0.35598561582760657	0.20985947850977027	0.019411061164264703	source cells in one held-out spatial octant; genes are technical units
post-hoc experimental-design extension	75p_E2_to_E1	75% epiboly	E2	E2→E1	10.0	1.0	8	outer_fold	7	15936	2009	lamb1a,sox11a,foxd5,zic2a,lamp2,crabp2b,perp,dynll1	0.33927331400198973	0.4699679942456933	0.15934644518596885	0.060366590967815534	source cells in one held-out spatial octant; genes are technical units
post-hoc experimental-design extension	75p_E2_to_E1	75% epiboly	E2	E2→E1	10.0	1.0	16	outer_fold	7	15936	2009	lamb1a,sox11a,foxd5,zic2a,lamp2,crabp2b,perp,dynll1,sox17,otx2b,pcdh8,si:dkey-108k21.14,dynll2b,ndufv3,her9,aurkb	0.37113261781305573	0.45922100789546527	0.18687164984777266	0.03706747827021816	source cells in one held-out spatial octant; genes are technical units
post-hoc experimental-design extension	75p_E2_to_E1	75% epiboly	E2	E2→E1	10.0	1.0	32	outer_fold	7	15936	2009	lamb1a,sox11a,foxd5,zic2a,lamp2,crabp2b,perp,dynll1,sox17,otx2b,pcdh8,si:dkey-108k21.14,dynll2b,ndufv3,her9,aurkb,foxi1,ism1,pfn2,zfand5a,C7H16orf87,zeb2b,etv5a,foxp1b,sall3a,pcdh10b,hsp90aa1.2,six4b,foxc1b,arhgap5,ved,lima1a	0.3988098080112873	0.43329272323243545	0.22665361093170483	0.024832510747655134	source cells in one held-out spatial octant; genes are technical units
post-hoc experimental-design extension	75p_E2_to_E1	75% epiboly	E2	E2→E1	10.0	1.0	8	outer_summary	ALL			lamb1a,sox11a,klf2b,lamp2,id3,otx2b,zic2a,foxd5	0.3246943230096643	0.4441381756450284	0.15753096572154288	0.05600063053404343	median/mean across eight held-out source spatial octants
post-hoc experimental-design extension	75p_E2_to_E1	75% epiboly	E2	E2→E1	10.0	1.0	16	outer_summary	ALL			lamb1a,sox11a,klf2b,lamp2,id3,otx2b,zic2a,foxd5,sox2,irf2a,foxi1,ets2,her9,rrbp1b,perp,nkx2.5	0.3709004755307438	0.42233482253475335	0.18703239323222795	0.05084585669452665	median/mean across eight held-out source spatial octants
post-hoc experimental-design extension	75p_E2_to_E1	75% epiboly	E2	E2→E1	10.0	1.0	32	outer_summary	ALL			lamb1a,sox11a,klf2b,lamp2,id3,otx2b,zic2a,foxd5,sox2,irf2a,foxi1,ets2,her9,rrbp1b,perp,nkx2.5,arhgap5,usf1,map1lc3b,gli2a,sox17,fzd7b,irx1b,nckap5l,bach1b,tpx2,skia,cdca8,fn1b,tead1b,gata2a,nr2f2	0.40393079784341035	0.40053745060050383	0.21852615167531703	0.0273448587096819	median/mean across eight held-out source spatial octants
post-hoc experimental-design extension	6s_E1_to_E2	6-somite	E1	E1→E2	10.0	0.75	8	outer_fold	0	19430	3045	six4a,rrbp1b,raraa,nsd2,tfap2a,aurkb,foxd5,prmt1	0.14691770083858074	0.3721273233094396	0.12969828253868748	0.04282991563271534	source cells in one held-out spatial octant; genes are technical units
post-hoc experimental-design extension	6s_E1_to_E2	6-somite	E1	E1→E2	10.0	0.75	16	outer_fold	0	19430	3045	six4a,rrbp1b,raraa,nsd2,tfap2a,aurkb,foxd5,prmt1,alcamb,sox11a,lbx2,gfi1aa,adka,syne2b,lamp2,her1	0.19362632687962028	0.35862057002065617	0.15506221158397854	0.03551537775235752	source cells in one held-out spatial octant; genes are technical units
post-hoc experimental-design extension	6s_E1_to_E2	6-somite	E1	E1→E2	10.0	0.75	32	outer_fold	0	19430	3045	six4a,rrbp1b,raraa,nsd2,tfap2a,aurkb,foxd5,prmt1,alcamb,sox11a,lbx2,gfi1aa,adka,syne2b,lamp2,her1,kirrel3l,fscn1a,sox5,twist2,sox32,meis1b,akap12b,myclb,erf,efnb2a,notch1a,cux1a,six4b,rx3,nrarpa,meis3	0.2598302109927211	0.32371717535652467	0.19274337462301472	0.030252267228697352	source cells in one held-out spatial octant; genes are technical units
post-hoc experimental-design extension	6s_E1_to_E2	6-somite	E1	E1→E2	10.0	0.75	8	outer_fold	1	19656	2819	six4a,nsd2,cst3,tfap2a,sox11a,prmt1,ntd5,aspm	0.1636374520448476	0.3593717475342355	0.12363431830712143	0.03782106715444032	source cells in one held-out spatial octant; genes are technical units
post-hoc experimental-design extension	6s_E1_to_E2	6-somite	E1	E1→E2	10.0	0.75	16	outer_fold	1	19656	2819	six4a,nsd2,cst3,tfap2a,sox11a,prmt1,ntd5,aspm,lbx2,zic3,dact2,nrarpa,foxd5,syne2b,apoc1,raraa	0.20169892783048898	0.3432864836587158	0.14924322674791418	0.031152217531303684	source cells in one held-out spatial octant; genes are technical units
post-hoc experimental-design extension	6s_E1_to_E2	6-somite	E1	E1→E2	10.0	0.75	32	outer_fold	1	19656	2819	six4a,nsd2,cst3,tfap2a,sox11a,prmt1,ntd5,aspm,lbx2,zic3,dact2,nrarpa,foxd5,syne2b,apoc1,raraa,efnb2a,creb3l2,meis3,arl4aa,nid2a,myclb,dynll1,pax2a,snai2,cdh2,hoxc6a,irx5a,cdh6,foxb1b,itga6a,tmed10	0.2622545706829984	0.3162129660768357	0.18665947654330253	0.02577450169965021	source cells in one held-out spatial octant; genes are technical units
post-hoc experimental-design extension	6s_E1_to_E2	6-somite	E1	E1→E2	10.0	0.75	8	outer_fold	2	19667	2808	fn1b,tuba1a,cst3,tfap2a,ncapd2,nid2a,nasp,nrarpa	0.2627583881421007	0.36893517158405936	0.12934284973361887	0.06434313616800427	source cells in one held-out spatial octant; genes are technical units
post-hoc experimental-design extension	6s_E1_to_E2	6-somite	E1	E1→E2	10.0	0.75	16	outer_fold	2	19667	2808	fn1b,tuba1a,cst3,tfap2a,ncapd2,nid2a,nasp,nrarpa,prmt1,dact2,ccnf,chrd,meis2a,zic3,adka,cdkn1ca	0.29979220037896087	0.3484648687299625	0.1515288617725502	0.03485285909292548	source cells in one held-out spatial octant; genes are technical units
post-hoc experimental-design extension	6s_E1_to_E2	6-somite	E1	E1→E2	10.0	0.75	32	outer_fold	2	19667	2808	fn1b,tuba1a,cst3,tfap2a,ncapd2,nid2a,nasp,nrarpa,prmt1,dact2,ccnf,chrd,meis2a,zic3,adka,cdkn1ca,dynll1,etv5b,rrbp1b,snai2,efnb2a,cdh6,tuba8l2,atoh1c,cdh2,pbx1b,irx7,erf,mcm2,drll.2,fezf2,tcf7	0.3439214652147483	0.32657032502498506	0.19513761545012104	0.029513460263362636	source cells in one held-out spatial octant; genes are technical units
post-hoc experimental-design extension	6s_E1_to_E2	6-somite	E1	E1→E2	10.0	0.75	8	outer_fold	3	19909	2566	snai1a,fn1b,nasp,tfap2a,sox11a,ncapd2,nid2a,krt18a.1	0.28186309273649585	0.389439326841369	0.13429691725667242	0.10683490209280368	source cells in one held-out spatial octant; genes are technical units
post-hoc experimental-design extension	6s_E1_to_E2	6-somite	E1	E1→E2	10.0	0.75	16	outer_fold	3	19909	2566	snai1a,fn1b,nasp,tfap2a,sox11a,ncapd2,nid2a,krt18a.1,zeb1b,aurkb,dact2,nrarpa,prmt1,tead1b,erf,six4a	0.3236731840535463	0.3688660895729686	0.15569668279269605	0.059436707697583406	source cells in one held-out spatial octant; genes are technical units
post-hoc experimental-design extension	6s_E1_to_E2	6-somite	E1	E1→E2	10.0	0.75	32	outer_fold	3	19909	2566	snai1a,fn1b,nasp,tfap2a,sox11a,ncapd2,nid2a,krt18a.1,zeb1b,aurkb,dact2,nrarpa,prmt1,tead1b,erf,six4a,apoc1,chrd,cdh6,foxd5,efnb2a,gata5,zic3,lima1a,bmp7a,dynll1,prdm1a,efna1a,six4b,notch1a,elavl3,alcamb	0.3759087612904406	0.3377926888305086	0.19315010908971952	0.037953996131666334	source cells in one held-out spatial octant; genes are technical units
post-hoc experimental-design extension	6s_E1_to_E2	6-somite	E1	E1→E2	10.0	0.75	8	outer_fold	4	20216	2259	efemp2b,nsd2,gata5,tfap2a,sox11a,rrbp1b,trps1,prmt1	0.15388194065297306	0.36865839909730663	0.12722706273487625	0.07522834836167225	source cells in one held-out spatial octant; genes are technical units
post-hoc experimental-design extension	6s_E1_to_E2	6-somite	E1	E1→E2	10.0	0.75	16	outer_fold	4	20216	2259	efemp2b,nsd2,gata5,tfap2a,sox11a,rrbp1b,trps1,prmt1,cenpf,tbx16l,fn1a,mab21l2,ddx4,tagln2,foxd5,lbx2	0.18955270696694354	0.35388337894232347	0.16704763339620493	0.05063179679316731	source cells in one held-out spatial octant; genes are technical units
post-hoc experimental-design extension	6s_E1_to_E2	6-somite	E1	E1→E2	10.0	0.75	32	outer_fold	4	20216	2259	efemp2b,nsd2,gata5,tfap2a,sox11a,rrbp1b,trps1,prmt1,cenpf,tbx16l,fn1a,mab21l2,ddx4,tagln2,foxd5,lbx2,msx3,lhfpl6,irx5a,meis3,fscn1a,cdkn1ca,klf2b,emid1,sall1a,emx3,ved,rac1a,foxb1b,efnb2a,apoc1,pax6a	0.23166258965684552	0.33543544281658594	0.20057418835906066	0.0297893710602504	source cells in one held-out spatial octant; genes are technical units
post-hoc experimental-design extension	6s_E1_to_E2	6-somite	E1	E1→E2	10.0	0.75	8	outer_fold	5	19360	3115	six4a,nsd2,tfap2c,rrbp1b,sox11a,aspm,ntd5,cdh6	0.1627655943748222	0.37391676105939664	0.1285421816224113	0.04439920353202191	source cells in one held-out spatial octant; genes are technical units
post-hoc experimental-design extension	6s_E1_to_E2	6-somite	E1	E1→E2	10.0	0.75	16	outer_fold	5	19360	3115	six4a,nsd2,tfap2c,rrbp1b,sox11a,aspm,ntd5,cdh6,prmt1,lbx2,msx3,zeb1b,foxd5,dact2,mab21l2,tead1b	0.21529843207346439	0.357963305655937	0.154866104908612	0.032545590731090014	source cells in one held-out spatial octant; genes are technical units
post-hoc experimental-design extension	6s_E1_to_E2	6-somite	E1	E1→E2	10.0	0.75	32	outer_fold	5	19360	3115	six4a,nsd2,tfap2c,rrbp1b,sox11a,aspm,ntd5,cdh6,prmt1,lbx2,msx3,zeb1b,foxd5,dact2,mab21l2,tead1b,myclb,krt18a.1,tbx16l,sox32,cdh2,ved,etv4,chrd,emx2,erf,meis3,arf5,her6,dkk1b,arl4aa,mdm2	0.2540384833735412	0.33975044874129645	0.20165786681841205	0.024926676070946133	source cells in one held-out spatial octant; genes are technical units
post-hoc experimental-design extension	6s_E1_to_E2	6-somite	E1	E1→E2	10.0	0.75	8	outer_fold	6	19349	3126	fn1b,tuba1a,cst3,tfap2a,aurkb,prmt1,prdm1a,sp8b	0.2285404381098288	0.3642034163248197	0.12548178220961415	0.031970902767399535	source cells in one held-out spatial octant; genes are technical units
post-hoc experimental-design extension	6s_E1_to_E2	6-somite	E1	E1→E2	10.0	0.75	16	outer_fold	6	19349	3126	fn1b,tuba1a,cst3,tfap2a,aurkb,prmt1,prdm1a,sp8b,dact2,tbx16l,nsd2,fn1a,cdh6,mab21l2,creb3l2,foxp1b	0.2568853661866618	0.35087421042742634	0.16131994792261614	0.04050072418516244	source cells in one held-out spatial octant; genes are technical units
post-hoc experimental-design extension	6s_E1_to_E2	6-somite	E1	E1→E2	10.0	0.75	32	outer_fold	6	19349	3126	fn1b,tuba1a,cst3,tfap2a,aurkb,prmt1,prdm1a,sp8b,dact2,tbx16l,nsd2,fn1a,cdh6,mab21l2,creb3l2,foxp1b,sox5,twist2,rasgef1ba,efna1a,six4b,eif3ea,fezf2,fgf8a,crabp2b,notch1a,dlx3b,irx5a,nasp,nanos3,foxn2b,kirrel3l	0.3046718240792978	0.3329396353519745	0.1972087204698628	0.029157070636668527	source cells in one held-out spatial octant; genes are technical units
post-hoc experimental-design extension	6s_E1_to_E2	6-somite	E1	E1→E2	10.0	0.75	8	outer_fold	7	19738	2737	fn1b,tuba1a,atp2b1a,tfap2a,aurkb,prmt1,alcamb,chrd	0.24891744325784534	0.35035161298485096	0.1254659270691861	0.03668331989123424	source cells in one held-out spatial octant; genes are technical units
post-hoc experimental-design extension	6s_E1_to_E2	6-somite	E1	E1→E2	10.0	0.75	16	outer_fold	7	19738	2737	fn1b,tuba1a,atp2b1a,tfap2a,aurkb,prmt1,alcamb,chrd,creb3l2,mab21l2,nasp,apoc1,myod1,twist2,akap12b,lbx2	0.28345492130003186	0.33516197872513037	0.15258540933451087	0.0326918270500551	source cells in one held-out spatial octant; genes are technical units
post-hoc experimental-design extension	6s_E1_to_E2	6-somite	E1	E1→E2	10.0	0.75	32	outer_fold	7	19738	2737	fn1b,tuba1a,atp2b1a,tfap2a,aurkb,prmt1,alcamb,chrd,creb3l2,mab21l2,nasp,apoc1,myod1,twist2,akap12b,lbx2,syne2b,gapdh,cdkn1ca,dact2,si:dkey-261m9.12,meis3,foxd3,raraa,crabp2b,six4b,sox32,irx5a,arl4aa,eif3ea,zeb1a,arf5	0.3193120271428715	0.3185569717393066	0.18918174652559755	0.02023861702142316	source cells in one held-out spatial octant; genes are technical units
post-hoc experimental-design extension	6s_E1_to_E2	6-somite	E1	E1→E2	10.0	0.75	8	outer_summary	ALL			six4a,prmt1,rrbp1b,nsd2,tfap2a,sox11a,cenpf,cdh6	0.1960889450773382	0.3683754698419347	0.12633228108450714	0.04975777263561759	median/mean across eight held-out source spatial octants
post-hoc experimental-design extension	6s_E1_to_E2	6-somite	E1	E1→E2	10.0	0.75	16	outer_summary	ALL			six4a,prmt1,rrbp1b,nsd2,tfap2a,sox11a,cenpf,cdh6,nid2a,foxd5,lbx2,zeb1b,olig4,cst3,efnb2a,tbx16l	0.2360918991300631	0.35214011071664003	0.1586899151343636	0.041459420806856766	median/mean across eight held-out source spatial octants
post-hoc experimental-design extension	6s_E1_to_E2	6-somite	E1	E1→E2	10.0	0.75	32	outer_summary	ALL			six4a,prmt1,rrbp1b,nsd2,tfap2a,sox11a,cenpf,cdh6,nid2a,foxd5,lbx2,zeb1b,olig4,cst3,efnb2a,tbx16l,myclb,gpr137bb,pmp22b,raraa,eif3ea,pax6b,si:dkey-108k21.14,lratb.1,gfi1aa,tmed10,ved,foxg1a,msx3,fezf2,meis1b,klf8	0.2834631973811481	0.3288719567422522	0.19719748335433349	0.02462172734448739	median/mean across eight held-out source spatial octants
post-hoc experimental-design extension	6s_E2_to_E1	6-somite	E2	E2→E1	0.1	1.0	8	outer_fold	0	22573	3285	snai1a,creb3l1,fn1b,ncapd2,rrbp1b,tfap2a,tuba1a,nid2a	0.1648139108918142	0.3836111666251207	0.1324943022875184	0.07637771955735426	source cells in one held-out spatial octant; genes are technical units
post-hoc experimental-design extension	6s_E2_to_E1	6-somite	E2	E2→E1	0.1	1.0	16	outer_fold	0	22573	3285	snai1a,creb3l1,fn1b,ncapd2,rrbp1b,tfap2a,tuba1a,nid2a,fgf8a,nasp,akap12b,cdh6,ccnf,epha2a,crabp2b,zgc:175088	0.1956444065807908	0.3658509518915566	0.16096847379772344	0.05051044144395953	source cells in one held-out spatial octant; genes are technical units
post-hoc experimental-design extension	6s_E2_to_E1	6-somite	E2	E2→E1	0.1	1.0	32	outer_fold	0	22573	3285	snai1a,creb3l1,fn1b,ncapd2,rrbp1b,tfap2a,tuba1a,nid2a,fgf8a,nasp,akap12b,cdh6,ccnf,epha2a,crabp2b,zgc:175088,lmo4a,foxg1a,hoxb1b,sox32,tfap2c,tgif1,lmo2,clic4,cst3,tbx16l,ephb3a,efnb2a,adka,zic2a,myclb,znfl2a	0.24415768397181045	0.33953873173660176	0.20468465989135853	0.03399088083172126	source cells in one held-out spatial octant; genes are technical units
post-hoc experimental-design extension	6s_E2_to_E1	6-somite	E2	E2→E1	0.1	1.0	8	outer_fold	1	23232	2626	snai1a,tfap2a,tuba1a,fn1b,rrbp1b,ccnf,cst3,akap12b	0.13280323814195152	0.37038435795394836	0.1328743968777598	0.07767798306157762	source cells in one held-out spatial octant; genes are technical units
post-hoc experimental-design extension	6s_E2_to_E1	6-somite	E2	E2→E1	0.1	1.0	16	outer_fold	1	23232	2626	snai1a,tfap2a,tuba1a,fn1b,rrbp1b,ccnf,cst3,akap12b,tuba8l2,msx3,tp63,kank1a,mab21l2,f11r.1,dnmt3bb.2,lmo4a	0.18221045225477997	0.34858848359640804	0.15584624080108136	0.04994927482085457	source cells in one held-out spatial octant; genes are technical units
post-hoc experimental-design extension	6s_E2_to_E1	6-somite	E2	E2→E1	0.1	1.0	32	outer_fold	1	23232	2626	snai1a,tfap2a,tuba1a,fn1b,rrbp1b,ccnf,cst3,akap12b,tuba8l2,msx3,tp63,kank1a,mab21l2,f11r.1,dnmt3bb.2,lmo4a,chaf1a,lbx2,tbx16l,itga6a,fn1a,tgif1,gfi1aa,syne2b,fgf8a,si:dkey-261m9.12,ddx4,zic2a,myod1,foxi1,etv4,pax6b	0.2318251540408543	0.32894952227928076	0.1960578742975243	0.03569638453566636	source cells in one held-out spatial octant; genes are technical units
post-hoc experimental-design extension	6s_E2_to_E1	6-somite	E2	E2→E1	0.1	1.0	8	outer_fold	2	22383	3475	snai1a,efemp2b,nsd2,tfap2a,creb3l1,rrbp1b,fn1b,akap12b	0.22460799266551654	0.4159617870258511	0.13360206494306462	0.08421206485246134	source cells in one held-out spatial octant; genes are technical units
post-hoc experimental-design extension	6s_E2_to_E1	6-somite	E2	E2→E1	0.1	1.0	16	outer_fold	2	22383	3475	snai1a,efemp2b,nsd2,tfap2a,creb3l1,rrbp1b,fn1b,akap12b,ephb3a,sox2,cenpf,msx1b,mab21l2,pcdh8,krt18a.1,elavl3	0.2646995319016008	0.392811501469618	0.16364606841590382	0.06256092524109741	source cells in one held-out spatial octant; genes are technical units
post-hoc experimental-design extension	6s_E2_to_E1	6-somite	E2	E2→E1	0.1	1.0	32	outer_fold	2	22383	3475	snai1a,efemp2b,nsd2,tfap2a,creb3l1,rrbp1b,fn1b,akap12b,ephb3a,sox2,cenpf,msx1b,mab21l2,pcdh8,krt18a.1,elavl3,cdh6,prdm1a,twist2,msx3,rab11fip4a,ppan,bhlha15,emx3,dact2,pmp22b,etv2,bach1b,ddx4,etv5b,ackr3b,chrd	0.31839917321078187	0.35800011877520543	0.19872221783545405	0.02871038939611746	source cells in one held-out spatial octant; genes are technical units
post-hoc experimental-design extension	6s_E2_to_E1	6-somite	E2	E2→E1	0.1	1.0	8	outer_fold	3	22315	3543	snai1a,cdh1,tuba1a,msx1b,cdh6,cenpf,tbx6,akap12b	0.2770935955347971	0.4002615754382854	0.12603910186316897	0.03581012370125961	source cells in one held-out spatial octant; genes are technical units
post-hoc experimental-design extension	6s_E2_to_E1	6-somite	E2	E2→E1	0.1	1.0	16	outer_fold	3	22315	3543	snai1a,cdh1,tuba1a,msx1b,cdh6,cenpf,tbx6,akap12b,nsd2,fn1a,rrbp1b,sox10,meis1b,gata2a,sox32,zfand5a	0.31925537024550804	0.3768424907608019	0.16088674526567273	0.04858295909050825	source cells in one held-out spatial octant; genes are technical units
post-hoc experimental-design extension	6s_E2_to_E1	6-somite	E2	E2→E1	0.1	1.0	32	outer_fold	3	22315	3543	snai1a,cdh1,tuba1a,msx1b,cdh6,cenpf,tbx6,akap12b,nsd2,fn1a,rrbp1b,sox10,meis1b,gata2a,sox32,zfand5a,pax2a,itga6a,smtnl,fgf8a,gli2a,tmed10,pbx1b,id3,lbx2,cst3,six3b,irx3a,zeb1b,cux1a,elavl3,ppan	0.3614564212764568	0.3529706595334136	0.1943796988561989	0.031951530832855804	source cells in one held-out spatial octant; genes are technical units
post-hoc experimental-design extension	6s_E2_to_E1	6-somite	E2	E2→E1	0.1	1.0	8	outer_fold	4	21884	3974	snai1a,nasp,fn1b,rrbp1b,creb3l1,sox11a,akap12b,grhl1	0.13692135636313144	0.34582126713838557	0.13722772242568024	0.08261033610618271	source cells in one held-out spatial octant; genes are technical units
post-hoc experimental-design extension	6s_E2_to_E1	6-somite	E2	E2→E1	0.1	1.0	16	outer_fold	4	21884	3974	snai1a,nasp,fn1b,rrbp1b,creb3l1,sox11a,akap12b,grhl1,grhl2b,cdh6,tpx2,tp63,efnb2a,foxd3,fn1a,lmo2	0.17859038732391405	0.32464457325670043	0.1644511088039336	0.04738715163260252	source cells in one held-out spatial octant; genes are technical units
post-hoc experimental-design extension	6s_E2_to_E1	6-somite	E2	E2→E1	0.1	1.0	32	outer_fold	4	21884	3974	snai1a,nasp,fn1b,rrbp1b,creb3l1,sox11a,akap12b,grhl1,grhl2b,cdh6,tpx2,tp63,efnb2a,foxd3,fn1a,lmo2,sox32,tbx16l,itga6a,bmp7a,creb3l2,rreb1b,kirrel3l,si:dkey-261m9.12,foxh1,pax3a,lamp2,ncapd2,msx3,foxi1,tshz3b,lratb.1	0.22480183103170898	0.3065319528052363	0.20207258023216562	0.03460077507369894	source cells in one held-out spatial octant; genes are technical units
post-hoc experimental-design extension	6s_E2_to_E1	6-somite	E2	E2→E1	0.1	1.0	8	outer_fold	5	22814	3044	snai1a,tfap2a,tuba1a,fn1b,rrbp1b,cenpf,akap12b,meis1b	0.17438596607404844	0.3430800381094333	0.13188848700576464	0.056016889583928975	source cells in one held-out spatial octant; genes are technical units
post-hoc experimental-design extension	6s_E2_to_E1	6-somite	E2	E2→E1	0.1	1.0	16	outer_fold	5	22814	3044	snai1a,tfap2a,tuba1a,fn1b,rrbp1b,cenpf,akap12b,meis1b,nasp,fscn1a,sox3,mab21l2,cdh6,cdh1,lbx2,aplnra	0.20718752643313265	0.32823749272781644	0.16307025579322432	0.05646719532584764	source cells in one held-out spatial octant; genes are technical units
post-hoc experimental-design extension	6s_E2_to_E1	6-somite	E2	E2→E1	0.1	1.0	32	outer_fold	5	22814	3044	snai1a,tfap2a,tuba1a,fn1b,rrbp1b,cenpf,akap12b,meis1b,nasp,fscn1a,sox3,mab21l2,cdh6,cdh1,lbx2,aplnra,zic3,krt18a.1,etv5a,itga6a,ddx4,pax6a,msx1b,klf3,fgf8a,emx3,tgif1,myclb,srrm4,msx3,lamp2,ppan	0.26889847699499286	0.3030016528270198	0.20037073331682906	0.03352006252893751	source cells in one held-out spatial octant; genes are technical units
post-hoc experimental-design extension	6s_E2_to_E1	6-somite	E2	E2→E1	0.1	1.0	8	outer_fold	6	23663	2195	snai1a,tfap2a,tuba1a,fn1b,rrbp1b,cenpf,fn1a,akap12b	0.13323927198908062	0.31347886026752475	0.13460513037306426	0.07716447439192554	source cells in one held-out spatial octant; genes are technical units
post-hoc experimental-design extension	6s_E2_to_E1	6-somite	E2	E2→E1	0.1	1.0	16	outer_fold	6	23663	2195	snai1a,tfap2a,tuba1a,fn1b,rrbp1b,cenpf,fn1a,akap12b,si:dkey-108k21.14,raraa,eppk1,pax6b,foxd3,zic2a,epha2a,pax2a	0.15880033072468125	0.3058510798604171	0.16100267713518676	0.041344491832145884	source cells in one held-out spatial octant; genes are technical units
post-hoc experimental-design extension	6s_E2_to_E1	6-somite	E2	E2→E1	0.1	1.0	32	outer_fold	6	23663	2195	snai1a,tfap2a,tuba1a,fn1b,rrbp1b,cenpf,fn1a,akap12b,si:dkey-108k21.14,raraa,eppk1,pax6b,foxd3,zic2a,epha2a,pax2a,cdh6,mef2d,foxh1,tbx16l,nr2f2,lbx2,sox32,lima1a,emx3,adka,mcm5,mab21l2,myclb,lmo4a,etv4,rxrgb	0.19902896171455156	0.2898607434854886	0.19980418657051202	0.029254389390866695	source cells in one held-out spatial octant; genes are technical units
post-hoc experimental-design extension	6s_E2_to_E1	6-somite	E2	E2→E1	0.1	1.0	8	outer_fold	7	22142	3716	snai1a,tfap2a,chrd,fn1b,nsd2,cdh6,cenpf,fn1a	0.2173203937114848	0.3729247477010794	0.12682147523921272	0.0614336074768389	source cells in one held-out spatial octant; genes are technical units
post-hoc experimental-design extension	6s_E2_to_E1	6-somite	E2	E2→E1	0.1	1.0	16	outer_fold	7	22142	3716	snai1a,tfap2a,chrd,fn1b,nsd2,cdh6,cenpf,fn1a,krt18a.1,mab21l2,akap12b,si:dkey-108k21.14,tuba1a,tp63,pax6a,rrbp1b	0.27903209344173285	0.34583388229548045	0.16549766018661854	0.06317684856430954	source cells in one held-out spatial octant; genes are technical units
post-hoc experimental-design extension	6s_E2_to_E1	6-somite	E2	E2→E1	0.1	1.0	32	outer_fold	7	22142	3716	snai1a,tfap2a,chrd,fn1b,nsd2,cdh6,cenpf,fn1a,krt18a.1,mab21l2,akap12b,si:dkey-108k21.14,tuba1a,tp63,pax6a,rrbp1b,fzd8a,efna1a,zic3,dact2,hoxc3a,rx3,twist2,zic2a,raraa,gata2a,emid1,uncx4.1,gapdh,ddx4,epha2a,pcdh8	0.30603212397841234	0.32630739941757286	0.20397328902914763	0.040799379644677045	source cells in one held-out spatial octant; genes are technical units
post-hoc experimental-design extension	6s_E2_to_E1	6-somite	E2	E2→E1	0.1	1.0	8	outer_summary	ALL			snai1a,tfap2a,tuba1a,fn1b,rrbp1b,cenpf,akap12b,cdh6	0.1695999384829313	0.3681904750324536	0.13052166033101775	0.056112720685326536	median/mean across eight held-out source spatial octants
post-hoc experimental-design extension	6s_E2_to_E1	6-somite	E2	E2→E1	0.1	1.0	16	outer_summary	ALL			snai1a,tfap2a,tuba1a,fn1b,rrbp1b,cenpf,akap12b,cdh6,nsd2,fn1a,f11r.1,prdm1a,tbx16l,kirrel3l,zic3,ephb3a	0.20141596650696172	0.34858255698234986	0.1593403345324846	0.0525439011492966	median/mean across eight held-out source spatial octants
post-hoc experimental-design extension	6s_E2_to_E1	6-somite	E2	E2→E1	0.1	1.0	32	outer_summary	ALL			snai1a,tfap2a,tuba1a,fn1b,rrbp1b,cenpf,akap12b,cdh6,nsd2,fn1a,f11r.1,prdm1a,tbx16l,kirrel3l,zic3,ephb3a,rx3,si:dkey-108k21.14,sox32,lmo2,notch1a,itga6a,cst3,dact2,chrd,pax2a,emx3,ripply1,ved,etv5b,meis3,itgb5	0.25652808048340164	0.3256450976074774	0.20217258871711596	0.029973511033100288	median/mean across eight held-out source spatial octants
