target_key	stage	annotation	class	n_cells	cell_fraction	median_absolute_truth_residual	median_within_class_truth_residual_variance	hyperspatial_map_calibrated_fusion__median_within_class_residual_pearson	hyperspatial_map_calibrated_fusion__genes_with_positive_within_class_recovery	anchor_only_calibrated__median_within_class_residual_pearson	anchor_only_calibrated__genes_with_positive_within_class_recovery	atlas_plus_global_anchor_residual__median_within_class_residual_pearson	atlas_plus_global_anchor_residual__genes_with_positive_within_class_recovery	atlas_plus_local_anchor_residual__median_within_class_residual_pearson	atlas_plus_local_anchor_residual__genes_with_positive_within_class_recovery	n_genes	primary_method
50p_E1_to_E2	50% epiboly	type	Blastoderm	7932	0.7757457212713936	0.3786274790763855	0.3291993737220764	0.4222530722618103	477	0.43348976969718933	477	0.2397027164697647	475	0.22568583488464355	469	477	hyperspatial_map_calibrated_fusion
50p_E1_to_E2	50% epiboly	type	EVL	1788	0.17486552567237162	0.6188615560531616	0.607418954372406	0.32675036787986755	476	0.3300078511238098	476	0.1982063353061676	476	0.19784043729305267	473	477	hyperspatial_map_calibrated_fusion
50p_E1_to_E2	50% epiboly	type	YSL	505	0.04938875305623472	0.5761196613311768	0.6978256106376648	0.4234441816806793	477	0.4248116910457611	477	0.3337009847164154	477	0.31499361991882324	474	477	hyperspatial_map_calibrated_fusion
50p_E1_to_E2	50% epiboly	clusters	Animal Dorsal	1545	0.15110024449877751	0.37189245223999023	0.3064061403274536	0.42400017380714417	475	0.4282127916812897	477	0.21970847249031067	465	0.2411894053220749	457	477	hyperspatial_map_calibrated_fusion
50p_E1_to_E2	50% epiboly	clusters	Animal Ventral	3829	0.37447432762836186	0.36745524406433105	0.31748464703559875	0.3744440972805023	477	0.3844730257987976	477	0.19113154709339142	475	0.18434832990169525	471	477	hyperspatial_map_calibrated_fusion
50p_E1_to_E2	50% epiboly	clusters	EVL Animal	1357	0.13271393643031784	0.6251335144042969	0.5826173424720764	0.30093735456466675	477	0.30897393822669983	477	0.15770764648914337	473	0.1574811190366745	469	477	hyperspatial_map_calibrated_fusion
50p_E1_to_E2	50% epiboly	clusters	EVL Margin	431	0.04215158924205379	0.5988836884498596	0.6363793015480042	0.3699178397655487	477	0.3730959892272949	477	0.24661210179328918	476	0.24003013968467712	470	477	hyperspatial_map_calibrated_fusion
50p_E1_to_E2	50% epiboly	clusters	Margin Dorsal	581	0.056821515892420536	0.4211547076702118	0.31261274218559265	0.43932101130485535	477	0.4504392445087433	477	0.20286475121974945	467	0.19877979159355164	467	477	hyperspatial_map_calibrated_fusion
50p_E1_to_E2	50% epiboly	clusters	Margin Ventrolateral Anterior	980	0.0958435207823961	0.3829922676086426	0.3022235035896301	0.44114816188812256	477	0.4582044184207916	477	0.2406364530324936	470	0.22414983808994293	459	477	hyperspatial_map_calibrated_fusion
50p_E1_to_E2	50% epiboly	clusters	Margin Ventrolateral Pnterior	997	0.09750611246943765	0.40691256523132324	0.32757869362831116	0.49188992381095886	477	0.5053492188453674	477	0.29629069566726685	475	0.27934274077415466	467	477	hyperspatial_map_calibrated_fusion
50p_E1_to_E2	50% epiboly	clusters	YSL	505	0.04938875305623472	0.5761196613311768	0.6978256106376648	0.4234441816806793	477	0.4248116910457611	477	0.3337009847164154	477	0.31499361991882324	474	477	hyperspatial_map_calibrated_fusion
50p_E2_to_E1	50% epiboly	type	Blastoderm	6586	0.7705627705627706	0.36550241708755493	0.30072513222694397	0.3955528736114502	477	0.4144420027732849	478	0.1948159784078598	475	0.20556268095970154	468	478	hyperspatial_map_calibrated_fusion
50p_E2_to_E1	50% epiboly	type	EVL	1540	0.18018018018018017	0.5571866631507874	0.589074969291687	0.4217374920845032	476	0.4280303120613098	476	0.3075430393218994	473	0.2956812381744385	474	478	hyperspatial_map_calibrated_fusion
50p_E2_to_E1	50% epiboly	type	YSL	421	0.049257049257049254	0.5233442187309265	0.5032113194465637	0.457669734954834	478	0.47163528203964233	478	0.26508307456970215	476	0.25870662927627563	472	478	hyperspatial_map_calibrated_fusion
50p_E2_to_E1	50% epiboly	clusters	Animal Dorsal	1398	0.16356616356616357	0.3558155298233032	0.2553943395614624	0.35328197479248047	478	0.3765419125556946	478	0.1292615830898285	469	0.13825520873069763	460	478	hyperspatial_map_calibrated_fusion
50p_E2_to_E1	50% epiboly	clusters	Animal Ventral	3040	0.35568035568035566	0.355851948261261	0.2847525477409363	0.36318930983543396	477	0.3861698806285858	478	0.16482871770858765	473	0.17330701649188995	467	478	hyperspatial_map_calibrated_fusion
50p_E2_to_E1	50% epiboly	clusters	EVL Animal	1144	0.13384813384813385	0.5504181385040283	0.5433230400085449	0.38923442363739014	477	0.39828771352767944	478	0.2672494649887085	475	0.25080806016921997	474	478	hyperspatial_map_calibrated_fusion
50p_E2_to_E1	50% epiboly	clusters	EVL Margin	396	0.04633204633204633	0.5782223343849182	0.6007452011108398	0.45334815979003906	478	0.4604058861732483	478	0.3400062322616577	478	0.32380613684654236	471	478	hyperspatial_map_calibrated_fusion
50p_E2_to_E1	50% epiboly	clusters	Margin Dorsal	457	0.05346905346905347	0.38529109954833984	0.2549172639846802	0.4360758662223816	478	0.45540398359298706	478	0.24818310141563416	473	0.24480898678302765	468	478	hyperspatial_map_calibrated_fusion
50p_E2_to_E1	50% epiboly	clusters	Margin Ventrolateral Anterior	987	0.11547911547911548	0.37763360142707825	0.2996201515197754	0.3948570191860199	477	0.41565483808517456	478	0.18753832578659058	467	0.20237380266189575	461	478	hyperspatial_map_calibrated_fusion
50p_E2_to_E1	50% epiboly	clusters	Margin Ventrolateral Pnterior	704	0.08236808236808237	0.40317755937576294	0.3516978323459625	0.45631861686706543	478	0.4711969196796417	478	0.26940518617630005	476	0.2888747453689575	473	478	hyperspatial_map_calibrated_fusion
50p_E2_to_E1	50% epiboly	clusters	YSL	421	0.049257049257049254	0.5233442187309265	0.5032113194465637	0.457669734954834	478	0.47163528203964233	478	0.26508307456970215	476	0.25870662927627563	472	478	hyperspatial_map_calibrated_fusion
75p_E1_to_E2	75% epiboly	germlayer	Ectoderm	9060	0.5048760100306492	0.4123915135860443	0.3541717529296875	0.4140373766422272	465	0.43151572346687317	465	0.25309354066848755	463	0.2588568925857544	460	465	hyperspatial_map_calibrated_fusion
75p_E1_to_E2	75% epiboly	germlayer	Endoderm	497	0.02769573697408749	0.47205591201782227	0.4023144841194153	0.41246479749679565	465	0.42918160557746887	465	0.2589658498764038	457	0.2660347521305084	460	465	hyperspatial_map_calibrated_fusion
75p_E1_to_E2	75% epiboly	germlayer	Mesoderm	5869	0.3270548899414879	0.4186200201511383	0.3572203814983368	0.44372546672821045	465	0.4515489637851715	465	0.2886747121810913	464	0.30342212319374084	464	465	hyperspatial_map_calibrated_fusion
75p_E1_to_E2	75% epiboly	germlayer	Other	2519	0.14037336305377543	0.7208423614501953	0.8669050931930542	0.4237177073955536	464	0.42399048805236816	464	0.3345250189304352	464	0.326988160610199	463	465	hyperspatial_map_calibrated_fusion
75p_E1_to_E2	75% epiboly	type	Epiblast	13251	0.7384229590415158	0.44529545307159424	0.4627842903137207	0.460084468126297	465	0.4689370095729828	465	0.35280805826187134	465	0.35748448967933655	465	465	hyperspatial_map_calibrated_fusion
75p_E1_to_E2	75% epiboly	type	Hypoblast	4694	0.2615770409584843	0.4513266086578369	0.4233080744743347	0.4397509694099426	465	0.4426268935203552	465	0.32157203555107117	465	0.330291748046875	465	465	hyperspatial_map_calibrated_fusion
75p_E1_to_E2	75% epiboly	clusters	Dorsal Forerunner Cells	29	0.0016160490387294511	0.49805355072021484	0.3235919773578644	0.4203675389289856	445	0.43860217928886414	447	0.24832969903945923	395	0.2576088309288025	388	465	hyperspatial_map_calibrated_fusion
75p_E1_to_E2	75% epiboly	clusters	EVL Animal	2009	0.11195319030370576	0.7309212684631348	0.8004084229469299	0.38109007477760315	465	0.38475334644317627	465	0.2684277594089508	464	0.26684069633483887	464	465	hyperspatial_map_calibrated_fusion
75p_E1_to_E2	75% epiboly	clusters	EVL Marginal	113	0.006297018668152689	0.6074432730674744	0.7064177393913269	0.40197184681892395	463	0.4161958694458008	464	0.24986335635185242	434	0.2442544847726822	432	465	hyperspatial_map_calibrated_fusion
75p_E1_to_E2	75% epiboly	clusters	Ectoderm Dorsal Anterior	2022	0.11267762607968794	0.40314939618110657	0.33486032485961914	0.42391902208328247	464	0.44360896944999695	465	0.2481771856546402	457	0.24613067507743835	451	465	hyperspatial_map_calibrated_fusion
75p_E1_to_E2	75% epiboly	clusters	Ectoderm Dorsal Posterior	1303	0.0726107550849819	0.4422872066497803	0.3337223529815674	0.4015951156616211	465	0.4209578037261963	465	0.21661294996738434	459	0.2262127846479416	458	465	hyperspatial_map_calibrated_fusion
75p_E1_to_E2	75% epiboly	clusters	Ectoderm Lateral Anterior	874	0.04870437447757035	0.40362852811813354	0.33873191475868225	0.42202121019363403	465	0.43777379393577576	465	0.2374037355184555	459	0.2462746500968933	450	465	hyperspatial_map_calibrated_fusion
75p_E1_to_E2	75% epiboly	clusters	Ectoderm Lateral Posterior	1483	0.08264140429088883	0.4144561290740967	0.32934698462486267	0.40491774678230286	464	0.42231810092926025	465	0.2076639086008072	455	0.2165718525648117	454	465	hyperspatial_map_calibrated_fusion
75p_E1_to_E2	75% epiboly	clusters	Ectoderm Ventral Anterior	956	0.05327389244915018	0.3880479335784912	0.3151685893535614	0.39244645833969116	465	0.408769428730011	465	0.2154451459646225	457	0.2230922281742096	459	465	hyperspatial_map_calibrated_fusion
75p_E1_to_E2	75% epiboly	clusters	Ectoderm Ventral Posterior	1568	0.08737809974923377	0.4049462080001831	0.32769784331321716	0.4135627746582031	464	0.42991894483566284	465	0.21785829961299896	461	0.21925777196884155	453	465	hyperspatial_map_calibrated_fusion
75p_E1_to_E2	75% epiboly	clusters	Ectoderom Dorsal Margin	854	0.04758985789913625	0.4375389516353607	0.3523496985435486	0.3898707330226898	465	0.4074936509132385	465	0.21385197341442108	445	0.2273813635110855	455	465	hyperspatial_map_calibrated_fusion
75p_E1_to_E2	75% epiboly	clusters	Endoderm	468	0.026079687935358038	0.4704270362854004	0.3964146077632904	0.41098037362098694	465	0.4298646152019501	465	0.2506929636001587	458	0.2580798268318176	462	465	hyperspatial_map_calibrated_fusion
75p_E1_to_E2	75% epiboly	clusters	Mesoderm Lateral Anterior	403	0.0224575090554472	0.4618751108646393	0.3919793963432312	0.3872408866882324	464	0.4043795168399811	464	0.23845435678958893	462	0.24412347376346588	459	465	hyperspatial_map_calibrated_fusion
75p_E1_to_E2	75% epiboly	clusters	Mesoderm Lateral Margin - Epiblast	312	0.017386458623572024	0.3993907570838928	0.311085045337677	0.4405536949634552	464	0.4587683081626892	465	0.22545239329338074	447	0.2356584370136261	448	465	hyperspatial_map_calibrated_fusion
75p_E1_to_E2	75% epiboly	clusters	Mesoderm Somitic	869	0.04842574533296183	0.44582781195640564	0.38142475485801697	0.3971770405769348	465	0.40924495458602905	465	0.21352748572826385	460	0.23136863112449646	459	465	hyperspatial_map_calibrated_fusion
75p_E1_to_E2	75% epiboly	clusters	Mesoderm Ventral	1610	0.0897185845639454	0.41131627559661865	0.31281062960624695	0.43811067938804626	465	0.4530782699584961	465	0.25067105889320374	463	0.2557982802391052	460	465	hyperspatial_map_calibrated_fusion
75p_E1_to_E2	75% epiboly	clusters	Mesoderm Ventral Margin - Epiblast	1757	0.09791028141543605	0.39820554852485657	0.3079864978790283	0.436551570892334	464	0.45656904578208923	465	0.21427878737449646	461	0.22001874446868896	461	465	hyperspatial_map_calibrated_fusion
75p_E1_to_E2	75% epiboly	clusters	Notochord	604	0.03365840066870995	0.43330174684524536	0.35493960976600647	0.40063855051994324	460	0.4138423800468445	460	0.23020094633102417	448	0.24860967695713043	451	465	hyperspatial_map_calibrated_fusion
75p_E1_to_E2	75% epiboly	clusters	Prechordal Plate	314	0.017497910281415435	0.4469648599624634	0.3473530411720276	0.36724594235420227	463	0.37417712807655334	464	0.2283364236354828	449	0.22464892268180847	446	465	hyperspatial_map_calibrated_fusion
75p_E1_to_E2	75% epiboly	clusters	Primordial Germ Cells	21	0.0011702424073558094	0.521108865737915	0.32914841175079346	0.36486124992370605	422	0.4019702672958374	429	0.17246969044208527	338	0.19354979693889618	355	465	hyperspatial_map_calibrated_fusion
75p_E1_to_E2	75% epiboly	clusters	YSL	376	0.020952911674561158	0.7138873934745789	0.753817617893219	0.4104572534561157	462	0.4169251024723053	462	0.3038334548473358	462	0.2859806716442108	462	465	hyperspatial_map_calibrated_fusion
75p_E2_to_E1	75% epiboly	germlayer	Ectoderm	9401	0.5055388255538825	0.40458956360816956	0.3273563086986542	0.42559704184532166	467	0.43207070231437683	467	0.2416623830795288	467	0.2346435934305191	466	467	hyperspatial_map_calibrated_fusion
75p_E2_to_E1	75% epiboly	germlayer	Endoderm	574	0.030866853086685308	0.4216609597206116	0.2937687337398529	0.46846747398376465	465	0.47208213806152344	464	0.28100934624671936	465	0.2897157073020935	463	467	hyperspatial_map_calibrated_fusion
75p_E2_to_E1	75% epiboly	germlayer	Mesoderm	6035	0.32453215745321573	0.41026148200035095	0.3293701708316803	0.47775793075561523	467	0.4828138053417206	466	0.32917624711990356	465	0.3238312304019928	467	467	hyperspatial_map_calibrated_fusion
75p_E2_to_E1	75% epiboly	germlayer	Other	2586	0.1390621639062164	0.6208014488220215	0.6938366889953613	0.48729875683784485	467	0.49779120087623596	467	0.36880800127983093	466	0.3644120693206787	465	467	hyperspatial_map_calibrated_fusion
75p_E2_to_E1	75% epiboly	type	Epiblast	13460	0.7238115723811572	0.43142247200012207	0.40380722284317017	0.47428885102272034	467	0.47894513607025146	467	0.3235306441783905	467	0.31798991560935974	467	467	hyperspatial_map_calibrated_fusion
75p_E2_to_E1	75% epiboly	type	Hypoblast	5136	0.27618842761884277	0.4262276291847229	0.36321762204170227	0.480465829372406	467	0.4767199456691742	467	0.36209729313850403	467	0.36097490787506104	466	467	hyperspatial_map_calibrated_fusion
75p_E2_to_E1	75% epiboly	clusters	Dorsal Forerunner Cells	42	0.0022585502258550224	0.5235827565193176	0.27056193351745605	0.3707806169986725	442	0.40598130226135254	446	0.15289396047592163	354	0.1819266676902771	362	467	hyperspatial_map_calibrated_fusion
75p_E2_to_E1	75% epiboly	clusters	EVL Animal	1840	0.09894600989460099	0.6289539337158203	0.6233440041542053	0.4303017556667328	466	0.4386973977088928	466	0.29645052552223206	465	0.29536497592926025	466	467	hyperspatial_map_calibrated_fusion
75p_E2_to_E1	75% epiboly	clusters	EVL Marginal	211	0.011346526134652613	0.585361123085022	0.6392186880111694	0.5132302045822144	467	0.5292642116546631	467	0.3103393614292145	460	0.3196142315864563	458	467	hyperspatial_map_calibrated_fusion
75p_E2_to_E1	75% epiboly	clusters	Ectoderm Dorsal Anterior	2188	0.11765971176597118	0.39012113213539124	0.2967473566532135	0.39500316977500916	467	0.4062694013118744	467	0.20880265533924103	465	0.19699668884277344	463	467	hyperspatial_map_calibrated_fusion
75p_E2_to_E1	75% epiboly	clusters	Ectoderm Dorsal Posterior	1258	0.06764895676489567	0.3828538656234741	0.2809392511844635	0.3640059530735016	467	0.3712548315525055	466	0.1696699559688568	461	0.1721488982439041	457	467	hyperspatial_map_calibrated_fusion
75p_E2_to_E1	75% epiboly	clusters	Ectoderm Lateral Anterior	888	0.04775220477522048	0.42264115810394287	0.316122829914093	0.4409306049346924	467	0.4553232192993164	467	0.2359122931957245	458	0.2250412553548813	462	467	hyperspatial_map_calibrated_fusion
75p_E2_to_E1	75% epiboly	clusters	Ectoderm Lateral Posterior	1549	0.08329748332974833	0.41439589858055115	0.30678778886795044	0.4025799036026001	467	0.41607460379600525	467	0.20894211530685425	463	0.19159053266048431	449	467	hyperspatial_map_calibrated_fusion
75p_E2_to_E1	75% epiboly	clusters	Ectoderm Ventral Anterior	790	0.04248225424822542	0.39116084575653076	0.3125796914100647	0.4822557270526886	466	0.4935492277145386	467	0.246623694896698	459	0.23938465118408203	457	467	hyperspatial_map_calibrated_fusion
75p_E2_to_E1	75% epiboly	clusters	Ectoderm Ventral Posterior	1604	0.08625510862551086	0.4208984971046448	0.3267320692539215	0.4199456572532654	467	0.4291253685951233	467	0.20862634479999542	466	0.21792404353618622	465	467	hyperspatial_map_calibrated_fusion
75p_E2_to_E1	75% epiboly	clusters	Ectoderom Dorsal Margin	1124	0.06044310604431061	0.41937267780303955	0.31490257382392883	0.4512922763824463	467	0.46436938643455505	467	0.23667901754379272	454	0.21755298972129822	437	467	hyperspatial_map_calibrated_fusion
75p_E2_to_E1	75% epiboly	clusters	Endoderm	532	0.028608302860830288	0.4141795039176941	0.2770586907863617	0.45080453157424927	466	0.46211278438568115	466	0.265510618686676	463	0.2573939263820648	462	467	hyperspatial_map_calibrated_fusion
75p_E2_to_E1	75% epiboly	clusters	Mesoderm Lateral Anterior	534	0.028715852871585287	0.4124980866909027	0.28011947870254517	0.4460388422012329	467	0.45498400926589966	467	0.2400471717119217	458	0.2372269481420517	451	467	hyperspatial_map_calibrated_fusion
75p_E2_to_E1	75% epiboly	clusters	Mesoderm Lateral Margin - Epiblast	299	0.01607872660787266	0.47713157534599304	0.35261374711990356	0.5308905839920044	465	0.5525704622268677	466	0.2666626274585724	445	0.27531179785728455	438	467	hyperspatial_map_calibrated_fusion
75p_E2_to_E1	75% epiboly	clusters	Mesoderm Somitic	973	0.05232308023230802	0.4002264738082886	0.2885693907737732	0.5048899054527283	466	0.5206537842750549	466	0.26415708661079407	466	0.26407697796821594	455	467	hyperspatial_map_calibrated_fusion
75p_E2_to_E1	75% epiboly	clusters	Mesoderm Ventral	1733	0.09319208431920843	0.3957197666168213	0.2708241641521454	0.4258781671524048	467	0.43433839082717896	467	0.2338692843914032	466	0.23819124698638916	465	467	hyperspatial_map_calibrated_fusion
75p_E2_to_E1	75% epiboly	clusters	Mesoderm Ventral Margin - Epiblast	1709	0.09190148419014842	0.4044138193130493	0.29436442255973816	0.4013882279396057	467	0.4147392213344574	467	0.1861177384853363	462	0.18947872519493103	463	467	hyperspatial_map_calibrated_fusion
75p_E2_to_E1	75% epiboly	clusters	Notochord	420	0.022585502258550227	0.4525204300880432	0.3463572561740875	0.4996141493320465	466	0.5095380544662476	467	0.3276742100715637	453	0.320231556892395	448	467	hyperspatial_map_calibrated_fusion
75p_E2_to_E1	75% epiboly	clusters	Prechordal Plate	367	0.019735426973542698	0.4376605749130249	0.23794341087341309	0.3794765770435333	463	0.3916359841823578	463	0.22433990240097046	432	0.20729060471057892	434	467	hyperspatial_map_calibrated_fusion
75p_E2_to_E1	75% epiboly	clusters	YSL	516	0.02774790277479028	0.6136465668678284	0.529015064239502	0.49648517370224	465	0.505444347858429	465	0.32650643587112427	462	0.31169599294662476	463	467	hyperspatial_map_calibrated_fusion
6s_E1_to_E2	6-somite	germlayer	Ectoderm	13472	0.5209993038904788	0.3938228487968445	0.3978430926799774	0.47305023670196533	441	0.47500869631767273	441	0.2948566675186157	440	0.2918994128704071	439	441	hyperspatial_map_calibrated_fusion
6s_E1_to_E2	6-somite	germlayer	Endoderm	487	0.01883362982442571	0.4770132303237915	0.5066627860069275	0.4450334310531616	441	0.45683804154396057	441	0.2843516767024994	432	0.25992438197135925	435	441	hyperspatial_map_calibrated_fusion
6s_E1_to_E2	6-somite	germlayer	Extraembryonic	1992	0.07703612034960167	0.38366490602493286	0.38537460565567017	0.5370457768440247	441	0.5465805530548096	441	0.33727121353149414	436	0.3325503468513489	431	441	hyperspatial_map_calibrated_fusion
6s_E1_to_E2	6-somite	germlayer	Mesoderm	9866	0.38154536313713355	0.40801286697387695	0.39004355669021606	0.5187408924102783	441	0.5232200026512146	441	0.34553393721580505	440	0.32973799109458923	438	441	hyperspatial_map_calibrated_fusion
6s_E1_to_E2	6-somite	germlayer	PGC	41	0.0015855827983602753	0.4754207134246826	0.32602396607398987	0.5598555207252502	435	0.5950673222541809	438	0.33389487862586975	382	0.34444108605384827	375	441	hyperspatial_map_calibrated_fusion
6s_E1_to_E2	6-somite	type	Axial Mesoderm	1158	0.0447830458658829	0.41177183389663696	0.3663254976272583	0.5198207497596741	438	0.533636212348938	441	0.3363845944404602	425	0.30676934123039246	413	441	hyperspatial_map_calibrated_fusion
6s_E1_to_E2	6-somite	type	Endoderm	487	0.01883362982442571	0.4770132303237915	0.5066627860069275	0.4450334310531616	441	0.45683804154396057	441	0.2843516767024994	432	0.25992438197135925	435	441	hyperspatial_map_calibrated_fusion
6s_E1_to_E2	6-somite	type	Extraembryonic	1992	0.07703612034960167	0.38366490602493286	0.38537460565567017	0.5370457768440247	441	0.5465805530548096	441	0.33727121353149414	436	0.3325503468513489	431	441	hyperspatial_map_calibrated_fusion
6s_E1_to_E2	6-somite	type	Head Mesoderm	915	0.03538556732925981	0.38789424300193787	0.3255007863044739	0.4560717046260834	439	0.477967768907547	440	0.2546895742416382	428	0.23930124938488007	419	441	hyperspatial_map_calibrated_fusion
6s_E1_to_E2	6-somite	type	Lateral Plate Mesoderm	2162	0.08361048805011989	0.4193556308746338	0.3748508095741272	0.48548465967178345	441	0.4986744821071625	441	0.30560413002967834	437	0.30255305767059326	433	441	hyperspatial_map_calibrated_fusion
6s_E1_to_E2	6-somite	type	Neural Ectoderm	9056	0.35022043468172326	0.37958136200904846	0.3600737154483795	0.44697442650794983	441	0.45313262939453125	441	0.2781355679035187	439	0.27169322967529297	435	441	hyperspatial_map_calibrated_fusion
6s_E1_to_E2	6-somite	type	Non-neural Ectoderm	3602	0.13929924974862712	0.42456483840942383	0.4370591938495636	0.48998162150382996	441	0.4998878240585327	441	0.28804367780685425	435	0.2872392237186432	425	441	hyperspatial_map_calibrated_fusion
6s_E1_to_E2	6-somite	type	PGC	41	0.0015855827983602753	0.4754207134246826	0.32602396607398987	0.5598555207252502	435	0.5950673222541809	438	0.33389487862586975	382	0.34444108605384827	375	441	hyperspatial_map_calibrated_fusion
6s_E1_to_E2	6-somite	type	Somitic Mesoderm	4877	0.18860700750251372	0.40660157799720764	0.3562997281551361	0.4980688691139221	441	0.5174517035484314	441	0.31721630692481995	439	0.3172916769981384	435	441	hyperspatial_map_calibrated_fusion
6s_E1_to_E2	6-somite	type	Tailbud	1568	0.06063887384948565	0.4171910881996155	0.34028100967407227	0.46211546659469604	441	0.47229763865470886	441	0.3090175688266754	432	0.31247350573539734	428	441	hyperspatial_map_calibrated_fusion
6s_E1_to_E2	6-somite	tissue	Adaxial Cells	936	0.036197695104029703	0.40613341331481934	0.3370416462421417	0.49597662687301636	439	0.516157329082489	441	0.29612016677856445	433	0.29292032122612	425	441	hyperspatial_map_calibrated_fusion
6s_E1_to_E2	6-somite	tissue	Cephalic Mesoderm	915	0.03538556732925981	0.38789424300193787	0.3255007863044739	0.4560717046260834	439	0.477967768907547	440	0.2546895742416382	428	0.23930124938488007	419	441	hyperspatial_map_calibrated_fusion
6s_E1_to_E2	6-somite	tissue	Cranial Ganglion	49	0.0018949648077964266	0.4604787826538086	0.34089726209640503	0.41330742835998535	431	0.427423894405365	437	0.2205398976802826	368	0.23707778751850128	369	441	hyperspatial_map_calibrated_fusion
6s_E1_to_E2	6-somite	tissue	Diencephalon	409	0.015817155232423236	0.33127400279045105	0.24848833680152893	0.40737828612327576	438	0.4357585608959198	441	0.21128718554973602	414	0.20561715960502625	408	441	hyperspatial_map_calibrated_fusion
6s_E1_to_E2	6-somite	tissue	EVL + autofluorescence	200	0.007734550235903782	0.42063891887664795	0.46420201659202576	0.5166975855827332	439	0.5193889737129211	439	0.33880141377449036	419	0.3290851414203644	407	441	hyperspatial_map_calibrated_fusion
6s_E1_to_E2	6-somite	tissue	EVL/Periderm	1514	0.05855054528579163	0.35779839754104614	0.300130695104599	0.54481440782547	441	0.5579015612602234	441	0.31890013813972473	434	0.31462645530700684	431	441	hyperspatial_map_calibrated_fusion
6s_E1_to_E2	6-somite	tissue	Endoderm Pancreatic/Intestinal	306	0.011833861860932786	0.49621886014938354	0.5304898023605347	0.4566483497619629	441	0.4696304500102997	441	0.29975682497024536	433	0.2817626893520355	431	441	hyperspatial_map_calibrated_fusion
6s_E1_to_E2	6-somite	tissue	Endoderm Pharyngeal	181	0.006999767963492923	0.4456734359264374	0.4112887680530548	0.4050215184688568	441	0.4239943325519562	439	0.21400463581085205	411	0.18723967671394348	395	441	hyperspatial_map_calibrated_fusion
6s_E1_to_E2	6-somite	tissue	Epidermis	2151	0.08318508778714517	0.4343043267726898	0.4607544541358948	0.5303202867507935	441	0.5415177345275879	441	0.31458374857902527	435	0.31733837723731995	419	441	hyperspatial_map_calibrated_fusion
6s_E1_to_E2	6-somite	tissue	Floor Plate	412	0.01593317348596179	0.3978905975818634	0.33690840005874634	0.47803303599357605	440	0.49632468819618225	440	0.27164125442504883	415	0.2785324454307556	411	441	hyperspatial_map_calibrated_fusion
6s_E1_to_E2	6-somite	tissue	Forebrain Ventral	579	0.02239152293294145	0.39359191060066223	0.2999204397201538	0.5119554400444031	437	0.5392968654632568	441	0.2707749903202057	406	0.2543761134147644	386	441	hyperspatial_map_calibrated_fusion
6s_E1_to_E2	6-somite	tissue	Heart Primordium	738	0.028540490370484957	0.399603933095932	0.31664028763771057	0.4490705132484436	441	0.46574288606643677	440	0.2437863051891327	436	0.23314400017261505	431	441	hyperspatial_map_calibrated_fusion
6s_E1_to_E2	6-somite	tissue	Hematopoeitic (ICM)	344	0.013303426405754505	0.4245353043079376	0.3377053141593933	0.5025952458381653	441	0.5255086421966553	441	0.30427756905555725	434	0.31050020456314087	425	441	hyperspatial_map_calibrated_fusion
6s_E1_to_E2	6-somite	tissue	Hematopoeitic (RBI)	198	0.007657204733544744	0.4142604470252991	0.33104652166366577	0.46592986583709717	438	0.48900148272514343	441	0.24310225248336792	415	0.24505607783794403	400	441	hyperspatial_map_calibrated_fusion
6s_E1_to_E2	6-somite	tissue	Hindbrain Neurons	156	0.00603294918400495	0.39245137572288513	0.3033246397972107	0.3718150854110718	436	0.39705154299736023	438	0.15877047181129456	378	0.16122478246688843	367	441	hyperspatial_map_calibrated_fusion
6s_E1_to_E2	6-somite	tissue	Hindbrain R1+2	573	0.022159486425864336	0.3403887450695038	0.26603004336357117	0.34150394797325134	432	0.36333391070365906	440	0.15964074432849884	381	0.15591368079185486	372	441	hyperspatial_map_calibrated_fusion
6s_E1_to_E2	6-somite	tissue	Hindbrain R3+4	521	0.020148503364529353	0.31868287920951843	0.2405911684036255	0.3714795410633087	440	0.3896552324295044	441	0.12398622184991837	393	0.11864576488733292	375	441	hyperspatial_map_calibrated_fusion
6s_E1_to_E2	6-somite	tissue	Hindbrain R5+6	347	0.013419444659293062	0.34773382544517517	0.2596350610256195	0.4140254855155945	439	0.4300726652145386	441	0.16894173622131348	397	0.17910850048065186	390	441	hyperspatial_map_calibrated_fusion
6s_E1_to_E2	6-somite	tissue	Hindbrain R7	1068	0.0413024982597262	0.4003371596336365	0.3348526358604431	0.44339317083358765	439	0.4644222855567932	441	0.24291223287582397	422	0.2558802664279938	415	441	hyperspatial_map_calibrated_fusion
6s_E1_to_E2	6-somite	tissue	Intestinal Smooth Muscle	256	0.00990022430195684	0.41376206278800964	0.3378868103027344	0.490570604801178	439	0.5134589672088623	441	0.29075148701667786	428	0.2862929403781891	418	441	hyperspatial_map_calibrated_fusion
6s_E1_to_E2	6-somite	tissue	Midbrain	1095	0.04234666254157321	0.3513670861721039	0.30162668228149414	0.4129566550254822	440	0.43478286266326904	441	0.20341703295707703	415	0.2122700810432434	397	441	hyperspatial_map_calibrated_fusion
6s_E1_to_E2	6-somite	tissue	Neural Crest	535	0.020689921881042617	0.4101630747318268	0.3499448299407959	0.3795967400074005	440	0.39460811018943787	440	0.18725521862506866	423	0.19012612104415894	415	441	hyperspatial_map_calibrated_fusion
6s_E1_to_E2	6-somite	tissue	Notochord	662	0.02560136128084152	0.4273673892021179	0.34189075231552124	0.4791603684425354	436	0.49264606833457947	438	0.30944597721099854	427	0.2983134686946869	419	441	hyperspatial_map_calibrated_fusion
6s_E1_to_E2	6-somite	tissue	Optic Cup	819	0.03167298321602599	0.3154695928096771	0.24796296656131744	0.4639676809310913	441	0.49424564838409424	441	0.24005022644996643	428	0.2371610552072525	416	441	hyperspatial_map_calibrated_fusion
6s_E1_to_E2	6-somite	tissue	Placode Epibranchial	368	0.014231572434062959	0.42465755343437195	0.38938483595848083	0.3965434432029724	438	0.4085826575756073	440	0.21165673434734344	415	0.21164627373218536	413	441	hyperspatial_map_calibrated_fusion
6s_E1_to_E2	6-somite	tissue	Placode Lens	483	0.018678938819707634	0.4108291566371918	0.350801557302475	0.4046207666397095	439	0.41835686564445496	441	0.20836323499679565	412	0.2033812403678894	401	441	hyperspatial_map_calibrated_fusion
6s_E1_to_E2	6-somite	tissue	Placode Otic	564	0.021811431665248664	0.41721731424331665	0.3548998236656189	0.3795061707496643	438	0.3931938111782074	440	0.17749232053756714	418	0.18323618173599243	412	441	hyperspatial_map_calibrated_fusion
6s_E1_to_E2	6-somite	tissue	Placode Trigeminal	404	0.01562379147652564	0.40366119146347046	0.3451246917247772	0.4094361960887909	440	0.43279603123664856	441	0.20683768391609192	415	0.2092454433441162	403	441	hyperspatial_map_calibrated_fusion
6s_E1_to_E2	6-somite	tissue	Prechordal Plate	496	0.01918168458504138	0.3924558758735657	0.2538645565509796	0.48122960329055786	438	0.5137057304382324	441	0.23805809020996094	396	0.19913515448570251	387	441	hyperspatial_map_calibrated_fusion
6s_E1_to_E2	6-somite	tissue	Primordial Germ Cells	41	0.0015855827983602753	0.4754207134246826	0.32602396607398987	0.5598555207252502	435	0.5950673222541809	438	0.33389487862586975	382	0.34444108605384827	375	441	hyperspatial_map_calibrated_fusion
6s_E1_to_E2	6-somite	tissue	Pronephros	626	0.024209142238378837	0.44666898250579834	0.3903850018978119	0.5101290345191956	441	0.5421428084373474	441	0.3149481415748596	426	0.2952306568622589	410	441	hyperspatial_map_calibrated_fusion
6s_E1_to_E2	6-somite	tissue	Segmental Plate	1317	0.05093201330342641	0.37532559037208557	0.31532663106918335	0.47287705540657043	441	0.4855063259601593	441	0.2858193814754486	438	0.29120272397994995	438	441	hyperspatial_map_calibrated_fusion
6s_E1_to_E2	6-somite	tissue	Somites Formed	1569	0.06067754660066517	0.44179925322532654	0.36291196942329407	0.4923282861709595	441	0.519832968711853	441	0.2867441475391388	433	0.27469173073768616	426	441	hyperspatial_map_calibrated_fusion
6s_E1_to_E2	6-somite	tissue	Somites Forming	1055	0.04079975249439245	0.39843931794166565	0.34257957339286804	0.4492698311805725	440	0.47252437472343445	441	0.24576379358768463	427	0.2356707900762558	428	441	hyperspatial_map_calibrated_fusion
6s_E1_to_E2	6-somite	tissue	Spinal Cord	1174	0.0454018098847552	0.4542778730392456	0.39960798621177673	0.41595080494880676	441	0.42745348811149597	440	0.23321886360645294	439	0.242117777466774	431	441	hyperspatial_map_calibrated_fusion
6s_E1_to_E2	6-somite	tissue	Spinal Cord Differentiated	437	0.016899992265449765	0.4803595542907715	0.4415861666202545	0.4437199831008911	439	0.4608769118785858	441	0.26160115003585815	429	0.2826482057571411	425	441	hyperspatial_map_calibrated_fusion
6s_E1_to_E2	6-somite	tissue	Tailbud	1568	0.06063887384948565	0.4171910881996155	0.34028100967407227	0.46211546659469604	441	0.47229763865470886	441	0.3090175688266754	432	0.31247350573539734	428	441	hyperspatial_map_calibrated_fusion
6s_E1_to_E2	6-somite	tissue	Telencephalon Dorsal	514	0.01987779410627272	0.36346060037612915	0.26973438262939453	0.366036593914032	437	0.37441760301589966	440	0.1741398274898529	405	0.18283620476722717	399	441	hyperspatial_map_calibrated_fusion
6s_E1_to_E2	6-somite	tissue	YSL	278	0.010751024827906257	0.5421046018600464	0.5154587626457214	0.5322145223617554	440	0.5634472966194153	441	0.33113300800323486	426	0.2964062988758087	423	441	hyperspatial_map_calibrated_fusion
6s_E1_to_E2	6-somite	clusters	Adaxial Cells - PSM	287	0.011099079588521927	0.40146467089653015	0.2875831425189972	0.48197388648986816	438	0.5021286606788635	441	0.2690637409687042	406	0.26248377561569214	400	441	hyperspatial_map_calibrated_fusion
6s_E1_to_E2	6-somite	clusters	Adaxial Cells - Somite	263	0.010170933560213473	0.41476085782051086	0.30526018142700195	0.4633258283138275	438	0.47721683979034424	441	0.2158186286687851	405	0.22685402631759644	396	441	hyperspatial_map_calibrated_fusion
6s_E1_to_E2	6-somite	clusters	Adaxial Cells - Tailbud	386	0.0149276819552943	0.4041101336479187	0.33003973960876465	0.5122232437133789	439	0.5350435376167297	441	0.3337555229663849	427	0.3110853135585785	420	441	hyperspatial_map_calibrated_fusion
6s_E1_to_E2	6-somite	clusters	Cephalic Mesoderm - anterior	315	0.012181916621548458	0.3949640095233917	0.310062974691391	0.46274885535240173	438	0.48661914467811584	441	0.2439890205860138	421	0.22799117863178253	406	441	hyperspatial_map_calibrated_fusion
6s_E1_to_E2	6-somite	clusters	Cephalic Mesoderm - middle	348	0.013458117410472582	0.37892255187034607	0.30196884274482727	0.42900264263153076	441	0.4464472532272339	441	0.21546639502048492	425	0.19857680797576904	412	441	hyperspatial_map_calibrated_fusion
6s_E1_to_E2	6-somite	clusters	Cephalic Mesoderm - posterior	252	0.009745533297238766	0.39201784133911133	0.3041025400161743	0.459911972284317	437	0.4767482578754425	441	0.24679449200630188	402	0.23554904758930206	393	441	hyperspatial_map_calibrated_fusion
6s_E1_to_E2	6-somite	clusters	Cranial Ganglion	49	0.0018949648077964266	0.4604787826538086	0.34089726209640503	0.41330742835998535	431	0.427423894405365	437	0.2205398976802826	368	0.23707778751850128	369	441	hyperspatial_map_calibrated_fusion
6s_E1_to_E2	6-somite	clusters	Diencephalon	409	0.015817155232423236	0.33127400279045105	0.24848833680152893	0.40737828612327576	438	0.4357585608959198	441	0.21128718554973602	414	0.20561715960502625	408	441	hyperspatial_map_calibrated_fusion
6s_E1_to_E2	6-somite	clusters	EVL + autofluorescence	200	0.007734550235903782	0.42063891887664795	0.46420201659202576	0.5166975855827332	439	0.5193889737129211	439	0.33880141377449036	419	0.3290851414203644	407	441	hyperspatial_map_calibrated_fusion
6s_E1_to_E2	6-somite	clusters	EVL/Periderm	1514	0.05855054528579163	0.35779839754104614	0.300130695104599	0.54481440782547	441	0.5579015612602234	441	0.31890013813972473	434	0.31462645530700684	431	441	hyperspatial_map_calibrated_fusion
6s_E1_to_E2	6-somite	clusters	Endoderm Pancreatic/Intestinal	306	0.011833861860932786	0.49621886014938354	0.5304898023605347	0.4566483497619629	441	0.4696304500102997	441	0.29975682497024536	433	0.2817626893520355	431	441	hyperspatial_map_calibrated_fusion
6s_E1_to_E2	6-somite	clusters	Endoderm Pharyngeal	181	0.006999767963492923	0.4456734359264374	0.4112887680530548	0.4050215184688568	441	0.4239943325519562	439	0.21400463581085205	411	0.18723967671394348	395	441	hyperspatial_map_calibrated_fusion
6s_E1_to_E2	6-somite	clusters	Epidermis	2151	0.08318508778714517	0.4343043267726898	0.4607544541358948	0.5303202867507935	441	0.5415177345275879	441	0.31458374857902527	435	0.31733837723731995	419	441	hyperspatial_map_calibrated_fusion
6s_E1_to_E2	6-somite	clusters	Floor Plate - Hindbrain Region	119	0.0046020573903627505	0.3300379812717438	0.23113535344600677	0.4688267111778259	439	0.4882538616657257	441	0.16396450996398926	385	0.16779832541942596	370	441	hyperspatial_map_calibrated_fusion
6s_E1_to_E2	6-somite	clusters	Floor Plate - Spinal Cord	293	0.011331116095599041	0.43011900782585144	0.3382242023944855	0.45844146609306335	439	0.4760496914386749	440	0.26112163066864014	421	0.2780110538005829	419	441	hyperspatial_map_calibrated_fusion
6s_E1_to_E2	6-somite	clusters	Forebrain Ventral	579	0.02239152293294145	0.39359191060066223	0.2999204397201538	0.5119554400444031	437	0.5392968654632568	441	0.2707749903202057	406	0.2543761134147644	386	441	hyperspatial_map_calibrated_fusion
6s_E1_to_E2	6-somite	clusters	Heart Primordium - anterior	346	0.013380771908113542	0.38156482577323914	0.29850900173187256	0.4069943428039551	440	0.42439836263656616	439	0.18242311477661133	413	0.1939603090286255	412	441	hyperspatial_map_calibrated_fusion
6s_E1_to_E2	6-somite	clusters	Heart Primordium - posterior	392	0.015159718462371413	0.41632771492004395	0.3243533968925476	0.4758821129798889	441	0.4984126091003418	441	0.2812652289867401	436	0.2655453681945801	428	441	hyperspatial_map_calibrated_fusion
6s_E1_to_E2	6-somite	clusters	Hematopoeitic (ICM)	344	0.013303426405754505	0.4245353043079376	0.3377053141593933	0.5025952458381653	441	0.5255086421966553	441	0.30427756905555725	434	0.31050020456314087	425	441	hyperspatial_map_calibrated_fusion
6s_E1_to_E2	6-somite	clusters	Hematopoeitic (RBI)	198	0.007657204733544744	0.4142604470252991	0.33104652166366577	0.46592986583709717	438	0.48900148272514343	441	0.24310225248336792	415	0.24505607783794403	400	441	hyperspatial_map_calibrated_fusion
6s_E1_to_E2	6-somite	clusters	Hindbrain Neurons	156	0.00603294918400495	0.39245137572288513	0.3033246397972107	0.3718150854110718	436	0.39705154299736023	438	0.15877047181129456	378	0.16122478246688843	367	441	hyperspatial_map_calibrated_fusion
6s_E1_to_E2	6-somite	clusters	Hindbrain R1+2	573	0.022159486425864336	0.3403887450695038	0.26603004336357117	0.34150394797325134	432	0.36333391070365906	440	0.15964074432849884	381	0.15591368079185486	372	441	hyperspatial_map_calibrated_fusion
6s_E1_to_E2	6-somite	clusters	Hindbrain R3+4	521	0.020148503364529353	0.31868287920951843	0.2405911684036255	0.3714795410633087	440	0.3896552324295044	441	0.12398622184991837	393	0.11864576488733292	375	441	hyperspatial_map_calibrated_fusion
6s_E1_to_E2	6-somite	clusters	Hindbrain R5+6	347	0.013419444659293062	0.34773382544517517	0.2596350610256195	0.4140254855155945	439	0.4300726652145386	441	0.16894173622131348	397	0.17910850048065186	390	441	hyperspatial_map_calibrated_fusion
6s_E1_to_E2	6-somite	clusters	Hindbrain R7	1068	0.0413024982597262	0.4003371596336365	0.3348526358604431	0.44339317083358765	439	0.4644222855567932	441	0.24291223287582397	422	0.2558802664279938	415	441	hyperspatial_map_calibrated_fusion
6s_E1_to_E2	6-somite	clusters	Midbrain	1095	0.04234666254157321	0.3513670861721039	0.30162668228149414	0.4129566550254822	440	0.43478286266326904	441	0.20341703295707703	415	0.2122700810432434	397	441	hyperspatial_map_calibrated_fusion
6s_E1_to_E2	6-somite	clusters	Neural Crest	535	0.020689921881042617	0.4101630747318268	0.3499448299407959	0.3795967400074005	440	0.39460811018943787	440	0.18725521862506866	423	0.19012612104415894	415	441	hyperspatial_map_calibrated_fusion
6s_E1_to_E2	6-somite	clusters	Notochord Anterior	365	0.014115554180524403	0.42326197028160095	0.2928997278213501	0.5029719471931458	439	0.5227946043014526	440	0.2827818989753723	415	0.27933475375175476	414	441	hyperspatial_map_calibrated_fusion
6s_E1_to_E2	6-somite	clusters	Notochord Posterior Tip - anterior	101	0.00390594786913141	0.4211292266845703	0.24451670050621033	0.4072582721710205	432	0.4305996000766754	436	0.20832113921642303	357	0.1946001499891281	351	441	hyperspatial_map_calibrated_fusion
6s_E1_to_E2	6-somite	clusters	Notochord Posterior Tip - posterior	196	0.007579859231185706	0.4381590485572815	0.3438972234725952	0.43336305022239685	431	0.44780051708221436	437	0.26730552315711975	391	0.27729418873786926	380	441	hyperspatial_map_calibrated_fusion
6s_E1_to_E2	6-somite	clusters	Optic Cup	819	0.03167298321602599	0.3154695928096771	0.24796296656131744	0.4639676809310913	441	0.49424564838409424	441	0.24005022644996643	428	0.2371610552072525	416	441	hyperspatial_map_calibrated_fusion
6s_E1_to_E2	6-somite	clusters	PSM Intermediate	1317	0.05093201330342641	0.37532559037208557	0.31532663106918335	0.47287705540657043	441	0.4855063259601593	441	0.2858193814754486	438	0.29120272397994995	438	441	hyperspatial_map_calibrated_fusion
6s_E1_to_E2	6-somite	clusters	Placode Epibranchial	368	0.014231572434062959	0.42465755343437195	0.38938483595848083	0.3965434432029724	438	0.4085826575756073	440	0.21165673434734344	415	0.21164627373218536	413	441	hyperspatial_map_calibrated_fusion
6s_E1_to_E2	6-somite	clusters	Placode Lens	483	0.018678938819707634	0.4108291566371918	0.350801557302475	0.4046207666397095	439	0.41835686564445496	441	0.20836323499679565	412	0.2033812403678894	401	441	hyperspatial_map_calibrated_fusion
6s_E1_to_E2	6-somite	clusters	Placode Otic	564	0.021811431665248664	0.41721731424331665	0.3548998236656189	0.3795061707496643	438	0.3931938111782074	440	0.17749232053756714	418	0.18323618173599243	412	441	hyperspatial_map_calibrated_fusion
6s_E1_to_E2	6-somite	clusters	Placode Trigeminal	404	0.01562379147652564	0.40366119146347046	0.3451246917247772	0.4094361960887909	440	0.43279603123664856	441	0.20683768391609192	415	0.2092454433441162	403	441	hyperspatial_map_calibrated_fusion
6s_E1_to_E2	6-somite	clusters	Prechordal Plate	496	0.01918168458504138	0.3924558758735657	0.2538645565509796	0.48122960329055786	438	0.5137057304382324	441	0.23805809020996094	396	0.19913515448570251	387	441	hyperspatial_map_calibrated_fusion
6s_E1_to_E2	6-somite	clusters	Primordial Germ Cells	41	0.0015855827983602753	0.4754207134246826	0.32602396607398987	0.5598555207252502	435	0.5950673222541809	438	0.33389487862586975	382	0.34444108605384827	375	441	hyperspatial_map_calibrated_fusion
6s_E1_to_E2	6-somite	clusters	Pronephros - anterior	399	0.015430427720628045	0.4375782012939453	0.35333365201950073	0.49006709456443787	441	0.5146079063415527	441	0.2963082492351532	427	0.29142245650291443	414	441	hyperspatial_map_calibrated_fusion
6s_E1_to_E2	6-somite	clusters	Pronephros - posterior	227	0.008778714517750794	0.46365728974342346	0.41459736227989197	0.5237938761711121	440	0.5520626902580261	440	0.32494714856147766	402	0.3167198598384857	393	441	hyperspatial_map_calibrated_fusion
6s_E1_to_E2	6-somite	clusters	Somites Formed	1569	0.06067754660066517	0.44179925322532654	0.36291196942329407	0.4923282861709595	441	0.519832968711853	441	0.2867441475391388	433	0.27469173073768616	426	441	hyperspatial_map_calibrated_fusion
6s_E1_to_E2	6-somite	clusters	Somites Forming	1055	0.04079975249439245	0.39843931794166565	0.34257957339286804	0.4492698311805725	440	0.47252437472343445	441	0.24576379358768463	427	0.2356707900762558	428	441	hyperspatial_map_calibrated_fusion
6s_E1_to_E2	6-somite	clusters	Spinal Cord	1174	0.0454018098847552	0.4542778730392456	0.39960798621177673	0.41595080494880676	441	0.42745348811149597	440	0.23321886360645294	439	0.242117777466774	431	441	hyperspatial_map_calibrated_fusion
6s_E1_to_E2	6-somite	clusters	Spinal Cord Differentiated	437	0.016899992265449765	0.4803595542907715	0.4415861666202545	0.4437199831008911	439	0.4608769118785858	441	0.26160115003585815	429	0.2826482057571411	425	441	hyperspatial_map_calibrated_fusion
6s_E1_to_E2	6-somite	clusters	Tailbud - dorsal core	425	0.016435919251295537	0.4014703035354614	0.31753993034362793	0.4223182499408722	435	0.4443718194961548	441	0.2421519160270691	401	0.24714358150959015	396	441	hyperspatial_map_calibrated_fusion
6s_E1_to_E2	6-somite	clusters	Tailbud - dorsal peripheral	389	0.015043700208832856	0.46212220191955566	0.38022127747535706	0.4149129390716553	441	0.4302358329296112	441	0.2454652339220047	424	0.2503466308116913	420	441	hyperspatial_map_calibrated_fusion
6s_E1_to_E2	6-somite	clusters	Tailbud - ventral core	317	0.012259262123907495	0.4116602838039398	0.27095144987106323	0.4736756682395935	438	0.505326509475708	441	0.2920949459075928	420	0.2972700297832489	415	441	hyperspatial_map_calibrated_fusion
6s_E1_to_E2	6-somite	clusters	Tailbud - ventral peripheral	437	0.016899992265449765	0.399831622838974	0.3017578423023224	0.504819393157959	440	0.5360218286514282	441	0.32081541419029236	425	0.330864280462265	417	441	hyperspatial_map_calibrated_fusion
6s_E1_to_E2	6-somite	clusters	Telencephalon Dorsal	514	0.01987779410627272	0.36346060037612915	0.26973438262939453	0.366036593914032	437	0.37441760301589966	440	0.1741398274898529	405	0.18283620476722717	399	441	hyperspatial_map_calibrated_fusion
6s_E1_to_E2	6-somite	clusters	Ventral LPM	256	0.00990022430195684	0.41376206278800964	0.3378868103027344	0.490570604801178	439	0.5134589672088623	441	0.29075148701667786	428	0.2862929403781891	418	441	hyperspatial_map_calibrated_fusion
6s_E1_to_E2	6-somite	clusters	YSL	278	0.010751024827906257	0.5421046018600464	0.5154587626457214	0.5322145223617554	440	0.5634472966194153	441	0.33113300800323486	426	0.2964062988758087	423	441	hyperspatial_map_calibrated_fusion
6s_E2_to_E1	6-somite	germlayer	Ectoderm	10999	0.4893882091212458	0.39790353178977966	0.40341687202453613	0.3946511149406433	413	0.41857242584228516	414	0.28990161418914795	413	0.2679305970668793	411	414	hyperspatial_map_calibrated_fusion
6s_E2_to_E1	6-somite	germlayer	Endoderm	370	0.01646273637374861	0.5184264183044434	0.5911852121353149	0.35229337215423584	412	0.37357690930366516	412	0.2543932795524597	410	0.23050019145011902	405	414	hyperspatial_map_calibrated_fusion
6s_E2_to_E1	6-somite	germlayer	Extraembryonic	2057	0.09152391546162403	0.38688433170318604	0.39674943685531616	0.4643833041191101	413	0.47217828035354614	414	0.3410107493400574	413	0.32564932107925415	412	414	hyperspatial_map_calibrated_fusion
6s_E2_to_E1	6-somite	germlayer	Mesoderm	9018	0.40124582869855396	0.4117041230201721	0.3934904932975769	0.4575997292995453	414	0.4800581932067871	414	0.3383640646934509	413	0.3233667016029358	413	414	hyperspatial_map_calibrated_fusion
6s_E2_to_E1	6-somite	germlayer	PGC	31	0.001379310344827586	0.44188380241394043	0.3039742112159729	0.41060590744018555	384	0.43600994348526	397	0.2785465717315674	355	0.25932449102401733	344	414	hyperspatial_map_calibrated_fusion
6s_E2_to_E1	6-somite	type	Axial Mesoderm	983	0.043737486095661846	0.428872287273407	0.3967474699020386	0.47497737407684326	411	0.4796476364135742	411	0.3591257929801941	402	0.3495611846446991	393	414	hyperspatial_map_calibrated_fusion
6s_E2_to_E1	6-somite	type	Endoderm	370	0.01646273637374861	0.5184264183044434	0.5911852121353149	0.35229337215423584	412	0.37357690930366516	412	0.2543932795524597	410	0.23050019145011902	405	414	hyperspatial_map_calibrated_fusion
6s_E2_to_E1	6-somite	type	Extraembryonic	2057	0.09152391546162403	0.38688433170318604	0.39674943685531616	0.4643833041191101	413	0.47217828035354614	414	0.3410107493400574	413	0.32564932107925415	412	414	hyperspatial_map_calibrated_fusion
6s_E2_to_E1	6-somite	type	Head Mesoderm	859	0.0382202447163515	0.4247449040412903	0.3788895010948181	0.39894112944602966	413	0.43750691413879395	413	0.2761584222316742	402	0.2469240128993988	393	414	hyperspatial_map_calibrated_fusion
6s_E2_to_E1	6-somite	type	Lateral Plate Mesoderm	1925	0.08565072302558398	0.40115243196487427	0.35010671615600586	0.3906206488609314	411	0.41328710317611694	414	0.2698926031589508	411	0.2426285743713379	403	414	hyperspatial_map_calibrated_fusion
6s_E2_to_E1	6-somite	type	Neural Ectoderm	7418	0.330055617352614	0.38426393270492554	0.3710392713546753	0.3968570828437805	414	0.4156961441040039	414	0.26821309328079224	412	0.25866714119911194	410	414	hyperspatial_map_calibrated_fusion
6s_E2_to_E1	6-somite	type	Non-neural Ectoderm	3048	0.13561735261401558	0.4273417592048645	0.43779247999191284	0.3896276354789734	411	0.42125803232192993	414	0.26698988676071167	410	0.24228447675704956	399	414	hyperspatial_map_calibrated_fusion
6s_E2_to_E1	6-somite	type	PGC	31	0.001379310344827586	0.44188380241394043	0.3039742112159729	0.41060590744018555	384	0.43600994348526	397	0.2785465717315674	355	0.25932449102401733	344	414	hyperspatial_map_calibrated_fusion
6s_E2_to_E1	6-somite	type	Somitic Mesoderm	4464	0.1986206896551724	0.40870052576065063	0.3527306616306305	0.40486156940460205	414	0.43509024381637573	414	0.2900106906890869	412	0.2749738097190857	412	414	hyperspatial_map_calibrated_fusion
6s_E2_to_E1	6-somite	type	Tailbud	1320	0.05873192436040044	0.4265662729740143	0.3145977556705475	0.4117047190666199	409	0.45772749185562134	413	0.27861303091049194	397	0.26434987783432007	386	414	hyperspatial_map_calibrated_fusion
6s_E2_to_E1	6-somite	tissue	Adaxial Cells	709	0.031546162402669636	0.4215368628501892	0.33602261543273926	0.39817121624946594	414	0.4407445192337036	414	0.2513246536254883	406	0.23161877691745758	401	414	hyperspatial_map_calibrated_fusion
6s_E2_to_E1	6-somite	tissue	Cephalic Mesoderm	859	0.0382202447163515	0.4247449040412903	0.3788895010948181	0.39894112944602966	413	0.43750691413879395	413	0.2761584222316742	402	0.2469240128993988	393	414	hyperspatial_map_calibrated_fusion
6s_E2_to_E1	6-somite	tissue	Cranial Ganglion	59	0.002625139043381535	0.48666274547576904	0.3355003893375397	0.38227468729019165	403	0.41752320528030396	406	0.2969970703125	358	0.28206074237823486	345	414	hyperspatial_map_calibrated_fusion
6s_E2_to_E1	6-somite	tissue	Diencephalon	394	0.01753058954393771	0.36604979634284973	0.280099093914032	0.3757200241088867	411	0.4058745503425598	412	0.23698273301124573	387	0.23032107949256897	375	414	hyperspatial_map_calibrated_fusion
6s_E2_to_E1	6-somite	tissue	EVL + autofluorescence	234	0.010411568409343715	0.4853147268295288	0.5121426582336426	0.42569562792778015	400	0.444167822599411	407	0.30478721857070923	392	0.2854229807853699	388	414	hyperspatial_map_calibrated_fusion
6s_E2_to_E1	6-somite	tissue	EVL/Periderm	1517	0.0674972191323693	0.3548913598060608	0.30483317375183105	0.4525558352470398	413	0.46694809198379517	414	0.30401259660720825	412	0.27916771173477173	409	414	hyperspatial_map_calibrated_fusion
6s_E2_to_E1	6-somite	tissue	Endoderm Pancreatic/Intestinal	225	0.010011123470522803	0.54659104347229	0.6306305527687073	0.3441748321056366	413	0.3784899115562439	410	0.25879865884780884	405	0.22759898006916046	402	414	hyperspatial_map_calibrated_fusion
6s_E2_to_E1	6-somite	tissue	Endoderm Pharyngeal	145	0.0064516129032258064	0.4775904417037964	0.47854292392730713	0.3583185076713562	405	0.3894190490245819	411	0.24141325056552887	382	0.20383402705192566	372	414	hyperspatial_map_calibrated_fusion
6s_E2_to_E1	6-somite	tissue	Epidermis	1875	0.08342602892102335	0.42837321758270264	0.43650034070014954	0.4121578335762024	412	0.44105079770088196	414	0.28662213683128357	412	0.25303763151168823	400	414	hyperspatial_map_calibrated_fusion
6s_E2_to_E1	6-somite	tissue	Floor Plate	338	0.01503893214682981	0.4113101363182068	0.36272358894348145	0.3841990828514099	409	0.3942040205001831	410	0.26019173860549927	399	0.2600376605987549	396	414	hyperspatial_map_calibrated_fusion
6s_E2_to_E1	6-somite	tissue	Forebrain Ventral	435	0.01935483870967742	0.4843564033508301	0.4451014995574951	0.41575485467910767	408	0.4416500926017761	412	0.309717059135437	391	0.2988187074661255	382	414	hyperspatial_map_calibrated_fusion
6s_E2_to_E1	6-somite	tissue	Heart Primordium	723	0.03216907675194661	0.39661914110183716	0.3182337284088135	0.3605912923812866	413	0.37711814045906067	412	0.23735278844833374	407	0.22541245818138123	405	414	hyperspatial_map_calibrated_fusion
6s_E2_to_E1	6-somite	tissue	Hematopoeitic (ICM)	318	0.014149054505005561	0.4019926190376282	0.3340909481048584	0.4252694845199585	411	0.4546937346458435	414	0.26313287019729614	400	0.27147331833839417	393	414	hyperspatial_map_calibrated_fusion
6s_E2_to_E1	6-somite	tissue	Hematopoeitic (RBI)	171	0.00760845383759733	0.4438210129737854	0.33548587560653687	0.32056230306625366	394	0.36764469742774963	401	0.19925455749034882	374	0.1618848741054535	346	414	hyperspatial_map_calibrated_fusion
6s_E2_to_E1	6-somite	tissue	Hindbrain Neurons	121	0.005383759733036708	0.41276049613952637	0.33677566051483154	0.29969239234924316	395	0.32634615898132324	405	0.17803768813610077	358	0.17355716228485107	342	414	hyperspatial_map_calibrated_fusion
6s_E2_to_E1	6-somite	tissue	Hindbrain R1+2	364	0.016195773081201334	0.3397599458694458	0.26454389095306396	0.3416973650455475	411	0.3672986626625061	413	0.18568548560142517	390	0.1952105164527893	384	414	hyperspatial_map_calibrated_fusion
6s_E2_to_E1	6-somite	tissue	Hindbrain R3+4	514	0.022869855394883204	0.31429004669189453	0.2337135374546051	0.26372361183166504	405	0.2880781888961792	409	0.1301930546760559	375	0.12686394155025482	370	414	hyperspatial_map_calibrated_fusion
6s_E2_to_E1	6-somite	tissue	Hindbrain R5+6	228	0.01014460511679644	0.3397493064403534	0.25918513536453247	0.3038299083709717	409	0.3362275958061218	414	0.15827587246894836	378	0.16419827938079834	362	414	hyperspatial_map_calibrated_fusion
6s_E2_to_E1	6-somite	tissue	Hindbrain R7	1014	0.04511679644048943	0.3617922067642212	0.27884766459465027	0.41728371381759644	413	0.456304669380188	413	0.28802502155303955	401	0.28671011328697205	403	414	hyperspatial_map_calibrated_fusion
6s_E2_to_E1	6-somite	tissue	Intestinal Smooth Muscle	201	0.008943270300333704	0.3621107339859009	0.28115659952163696	0.3663364052772522	406	0.40997642278671265	413	0.22063328325748444	390	0.2162001132965088	378	414	hyperspatial_map_calibrated_fusion
6s_E2_to_E1	6-somite	tissue	Midbrain	866	0.03853170189098999	0.36402666568756104	0.3224668502807617	0.3575260639190674	411	0.38533759117126465	413	0.20143166184425354	397	0.20638495683670044	384	414	hyperspatial_map_calibrated_fusion
6s_E2_to_E1	6-somite	tissue	Neural Crest	460	0.020467185761957732	0.41708099842071533	0.3699686527252197	0.40251782536506653	412	0.4383942484855652	414	0.2472008466720581	391	0.2511192262172699	385	414	hyperspatial_map_calibrated_fusion
6s_E2_to_E1	6-somite	tissue	Notochord	580	0.025806451612903226	0.47320854663848877	0.3784097135066986	0.396997332572937	413	0.4200785756111145	414	0.2673662602901459	400	0.2605072259902954	391	414	hyperspatial_map_calibrated_fusion
6s_E2_to_E1	6-somite	tissue	Optic Cup	845	0.03759733036707453	0.3762567639350891	0.28969281911849976	0.4169212579727173	409	0.4539320766925812	413	0.2920616567134857	388	0.2952529788017273	379	414	hyperspatial_map_calibrated_fusion
6s_E2_to_E1	6-somite	tissue	Placode Epibranchial	334	0.014860956618464961	0.43074890971183777	0.4153708815574646	0.3460771143436432	410	0.3570617437362671	414	0.22137828171253204	402	0.2207598090171814	394	414	hyperspatial_map_calibrated_fusion
6s_E2_to_E1	6-somite	tissue	Placode Lens	394	0.01753058954393771	0.43911316990852356	0.37299656867980957	0.36694782972335815	404	0.4101214110851288	414	0.24762007594108582	391	0.21088624000549316	362	414	hyperspatial_map_calibrated_fusion
6s_E2_to_E1	6-somite	tissue	Placode Otic	450	0.020022246941045607	0.41447797417640686	0.37769728899002075	0.30651068687438965	410	0.3278821110725403	414	0.16638779640197754	380	0.17390182614326477	378	414	hyperspatial_map_calibrated_fusion
6s_E2_to_E1	6-somite	tissue	Placode Trigeminal	329	0.014638487208008899	0.42610082030296326	0.35995909571647644	0.3889094293117523	409	0.4280526340007782	413	0.26823604106903076	392	0.23668907582759857	381	414	hyperspatial_map_calibrated_fusion
6s_E2_to_E1	6-somite	tissue	Prechordal Plate	403	0.01793103448275862	0.37109822034835815	0.23395386338233948	0.39436018466949463	396	0.4318770170211792	412	0.23945602774620056	368	0.20106986165046692	343	414	hyperspatial_map_calibrated_fusion
6s_E2_to_E1	6-somite	tissue	Primordial Germ Cells	31	0.001379310344827586	0.44188380241394043	0.3039742112159729	0.41060590744018555	384	0.43600994348526	397	0.2785465717315674	355	0.25932449102401733	344	414	hyperspatial_map_calibrated_fusion
6s_E2_to_E1	6-somite	tissue	Pronephros	512	0.02278086763070078	0.41138678789138794	0.3554580509662628	0.420731782913208	411	0.4638538956642151	413	0.29327917098999023	403	0.2652478814125061	393	414	hyperspatial_map_calibrated_fusion
6s_E2_to_E1	6-somite	tissue	Segmental Plate	1250	0.05561735261401557	0.36771517992019653	0.2951350510120392	0.3951342701911926	413	0.43017053604125977	414	0.23442760109901428	409	0.235136941075325	400	414	hyperspatial_map_calibrated_fusion
6s_E2_to_E1	6-somite	tissue	Somites Formed	1520	0.06763070077864293	0.43989112973213196	0.367270290851593	0.427165687084198	412	0.4634897708892822	414	0.28292056918144226	409	0.28066760301589966	407	414	hyperspatial_map_calibrated_fusion
6s_E2_to_E1	6-somite	tissue	Somites Forming	985	0.04382647385984427	0.41017794609069824	0.35125598311424255	0.37405359745025635	413	0.41029298305511475	414	0.23609116673469543	408	0.245820552110672	406	414	hyperspatial_map_calibrated_fusion
6s_E2_to_E1	6-somite	tissue	Spinal Cord	851	0.0378642936596218	0.41854310035705566	0.3638399541378021	0.32000070810317993	408	0.34423965215682983	410	0.16939294338226318	397	0.17093592882156372	385	414	hyperspatial_map_calibrated_fusion
6s_E2_to_E1	6-somite	tissue	Spinal Cord Differentiated	230	0.010233592880978866	0.4569166302680969	0.4365529417991638	0.3458881378173828	408	0.36500662565231323	413	0.21931037306785583	400	0.21889661252498627	393	414	hyperspatial_map_calibrated_fusion
6s_E2_to_E1	6-somite	tissue	Tailbud	1320	0.05873192436040044	0.4265662729740143	0.3145977556705475	0.4117047190666199	409	0.45772749185562134	413	0.27861303091049194	397	0.26434987783432007	386	414	hyperspatial_map_calibrated_fusion
6s_E2_to_E1	6-somite	tissue	Telencephalon Dorsal	365	0.016240266963292546	0.3877607583999634	0.2969796657562256	0.4060518145561218	406	0.43889176845550537	413	0.2586292326450348	375	0.2493281364440918	366	414	hyperspatial_map_calibrated_fusion
6s_E2_to_E1	6-somite	tissue	YSL	306	0.013615127919911011	0.5180585384368896	0.4960334599018097	0.4385770559310913	414	0.46230798959732056	414	0.33588892221450806	413	0.3048686385154724	409	414	hyperspatial_map_calibrated_fusion
6s_E2_to_E1	6-somite	clusters	Adaxial Cells - PSM	227	0.010100111234705228	0.4394959807395935	0.3150215148925781	0.40550169348716736	410	0.45541220903396606	414	0.2319597601890564	398	0.22487282752990723	385	414	hyperspatial_map_calibrated_fusion
6s_E2_to_E1	6-somite	clusters	Adaxial Cells - Somite	227	0.010100111234705228	0.43073558807373047	0.3354785740375519	0.38659077882766724	411	0.42297032475471497	413	0.244302898645401	393	0.20983389019966125	382	414	hyperspatial_map_calibrated_fusion
6s_E2_to_E1	6-somite	clusters	Adaxial Cells - Tailbud	255	0.011345939933259178	0.3976553678512573	0.2969519793987274	0.39981716871261597	411	0.4495578408241272	414	0.24249568581581116	388	0.23800744116306305	384	414	hyperspatial_map_calibrated_fusion
6s_E2_to_E1	6-somite	clusters	Cephalic Mesoderm - anterior	310	0.013793103448275862	0.4621402323246002	0.3636172115802765	0.40739530324935913	411	0.4396638870239258	414	0.27801182866096497	400	0.24010750651359558	383	414	hyperspatial_map_calibrated_fusion
6s_E2_to_E1	6-somite	clusters	Cephalic Mesoderm - middle	309	0.01374860956618465	0.4023868441581726	0.3419134020805359	0.3288116455078125	411	0.3522615134716034	414	0.21237316727638245	394	0.1972390115261078	375	414	hyperspatial_map_calibrated_fusion
6s_E2_to_E1	6-somite	clusters	Cephalic Mesoderm - posterior	240	0.01067853170189099	0.40927770733833313	0.3235527276992798	0.37228327989578247	412	0.4222761392593384	414	0.2319387048482895	392	0.24253153800964355	388	414	hyperspatial_map_calibrated_fusion
6s_E2_to_E1	6-somite	clusters	Cranial Ganglion	59	0.002625139043381535	0.48666274547576904	0.3355003893375397	0.38227468729019165	403	0.41752320528030396	406	0.2969970703125	358	0.28206074237823486	345	414	hyperspatial_map_calibrated_fusion
6s_E2_to_E1	6-somite	clusters	Diencephalon	394	0.01753058954393771	0.36604979634284973	0.280099093914032	0.3757200241088867	411	0.4058745503425598	412	0.23698273301124573	387	0.23032107949256897	375	414	hyperspatial_map_calibrated_fusion
6s_E2_to_E1	6-somite	clusters	EVL + autofluorescence	234	0.010411568409343715	0.4853147268295288	0.5121426582336426	0.42569562792778015	400	0.444167822599411	407	0.30478721857070923	392	0.2854229807853699	388	414	hyperspatial_map_calibrated_fusion
6s_E2_to_E1	6-somite	clusters	EVL/Periderm	1517	0.0674972191323693	0.3548913598060608	0.30483317375183105	0.4525558352470398	413	0.46694809198379517	414	0.30401259660720825	412	0.27916771173477173	409	414	hyperspatial_map_calibrated_fusion
6s_E2_to_E1	6-somite	clusters	Endoderm Pancreatic/Intestinal	225	0.010011123470522803	0.54659104347229	0.6306305527687073	0.3441748321056366	413	0.3784899115562439	410	0.25879865884780884	405	0.22759898006916046	402	414	hyperspatial_map_calibrated_fusion
6s_E2_to_E1	6-somite	clusters	Endoderm Pharyngeal	145	0.0064516129032258064	0.4775904417037964	0.47854292392730713	0.3583185076713562	405	0.3894190490245819	411	0.24141325056552887	382	0.20383402705192566	372	414	hyperspatial_map_calibrated_fusion
6s_E2_to_E1	6-somite	clusters	Epidermis	1875	0.08342602892102335	0.42837321758270264	0.43650034070014954	0.4121578335762024	412	0.44105079770088196	414	0.28662213683128357	412	0.25303763151168823	400	414	hyperspatial_map_calibrated_fusion
6s_E2_to_E1	6-somite	clusters	Floor Plate - Hindbrain Region	106	0.004716351501668521	0.3842606246471405	0.32796725630760193	0.24459940195083618	382	0.249801903963089	388	0.1624087393283844	353	0.15850090980529785	348	414	hyperspatial_map_calibrated_fusion
6s_E2_to_E1	6-somite	clusters	Floor Plate - Spinal Cord	232	0.01032258064516129	0.4247787296772003	0.33799201250076294	0.3982165455818176	408	0.4226439893245697	412	0.25982123613357544	395	0.25984716415405273	392	414	hyperspatial_map_calibrated_fusion
6s_E2_to_E1	6-somite	clusters	Forebrain Ventral	435	0.01935483870967742	0.4843564033508301	0.4451014995574951	0.41575485467910767	408	0.4416500926017761	412	0.309717059135437	391	0.2988187074661255	382	414	hyperspatial_map_calibrated_fusion
6s_E2_to_E1	6-somite	clusters	Heart Primordium - anterior	319	0.014193548387096775	0.3825262188911438	0.295246958732605	0.3326876759529114	412	0.351624071598053	412	0.20000945031642914	396	0.19997039437294006	393	414	hyperspatial_map_calibrated_fusion
6s_E2_to_E1	6-somite	clusters	Heart Primordium - posterior	404	0.017975528364849832	0.40822046995162964	0.3273191452026367	0.3819359540939331	410	0.407284677028656	413	0.26061439514160156	405	0.24752938747406006	390	414	hyperspatial_map_calibrated_fusion
6s_E2_to_E1	6-somite	clusters	Hematopoeitic (ICM)	318	0.014149054505005561	0.4019926190376282	0.3340909481048584	0.4252694845199585	411	0.4546937346458435	414	0.26313287019729614	400	0.27147331833839417	393	414	hyperspatial_map_calibrated_fusion
6s_E2_to_E1	6-somite	clusters	Hematopoeitic (RBI)	171	0.00760845383759733	0.4438210129737854	0.33548587560653687	0.32056230306625366	394	0.36764469742774963	401	0.19925455749034882	374	0.1618848741054535	346	414	hyperspatial_map_calibrated_fusion
6s_E2_to_E1	6-somite	clusters	Hindbrain Neurons	121	0.005383759733036708	0.41276049613952637	0.33677566051483154	0.29969239234924316	395	0.32634615898132324	405	0.17803768813610077	358	0.17355716228485107	342	414	hyperspatial_map_calibrated_fusion
6s_E2_to_E1	6-somite	clusters	Hindbrain R1+2	364	0.016195773081201334	0.3397599458694458	0.26454389095306396	0.3416973650455475	411	0.3672986626625061	413	0.18568548560142517	390	0.1952105164527893	384	414	hyperspatial_map_calibrated_fusion
6s_E2_to_E1	6-somite	clusters	Hindbrain R3+4	514	0.022869855394883204	0.31429004669189453	0.2337135374546051	0.26372361183166504	405	0.2880781888961792	409	0.1301930546760559	375	0.12686394155025482	370	414	hyperspatial_map_calibrated_fusion
6s_E2_to_E1	6-somite	clusters	Hindbrain R5+6	228	0.01014460511679644	0.3397493064403534	0.25918513536453247	0.3038299083709717	409	0.3362275958061218	414	0.15827587246894836	378	0.16419827938079834	362	414	hyperspatial_map_calibrated_fusion
6s_E2_to_E1	6-somite	clusters	Hindbrain R7	1014	0.04511679644048943	0.3617922067642212	0.27884766459465027	0.41728371381759644	413	0.456304669380188	413	0.28802502155303955	401	0.28671011328697205	403	414	hyperspatial_map_calibrated_fusion
6s_E2_to_E1	6-somite	clusters	Midbrain	866	0.03853170189098999	0.36402666568756104	0.3224668502807617	0.3575260639190674	411	0.38533759117126465	413	0.20143166184425354	397	0.20638495683670044	384	414	hyperspatial_map_calibrated_fusion
6s_E2_to_E1	6-somite	clusters	Neural Crest	460	0.020467185761957732	0.41708099842071533	0.3699686527252197	0.40251782536506653	412	0.4383942484855652	414	0.2472008466720581	391	0.2511192262172699	385	414	hyperspatial_map_calibrated_fusion
6s_E2_to_E1	6-somite	clusters	Notochord Anterior	366	0.01628476084538376	0.4798521399497986	0.3486178517341614	0.4029603600502014	413	0.436073899269104	414	0.2618895173072815	401	0.26325511932373047	389	414	hyperspatial_map_calibrated_fusion
6s_E2_to_E1	6-somite	clusters	Notochord Posterior Tip - anterior	103	0.004582869855394883	0.48497799038887024	0.2954135537147522	0.3526490330696106	402	0.38907289505004883	411	0.20998671650886536	372	0.20488369464874268	359	414	hyperspatial_map_calibrated_fusion
6s_E2_to_E1	6-somite	clusters	Notochord Posterior Tip - posterior	111	0.0049388209121245825	0.44097915291786194	0.3521326780319214	0.33808666467666626	395	0.3648092448711395	405	0.20426546037197113	365	0.20100775361061096	344	414	hyperspatial_map_calibrated_fusion
6s_E2_to_E1	6-somite	clusters	Optic Cup	845	0.03759733036707453	0.3762567639350891	0.28969281911849976	0.4169212579727173	409	0.4539320766925812	413	0.2920616567134857	388	0.2952529788017273	379	414	hyperspatial_map_calibrated_fusion
6s_E2_to_E1	6-somite	clusters	PSM Intermediate	1250	0.05561735261401557	0.36771517992019653	0.2951350510120392	0.3951342701911926	413	0.43017053604125977	414	0.23442760109901428	409	0.235136941075325	400	414	hyperspatial_map_calibrated_fusion
6s_E2_to_E1	6-somite	clusters	Placode Epibranchial	334	0.014860956618464961	0.43074890971183777	0.4153708815574646	0.3460771143436432	410	0.3570617437362671	414	0.22137828171253204	402	0.2207598090171814	394	414	hyperspatial_map_calibrated_fusion
6s_E2_to_E1	6-somite	clusters	Placode Lens	394	0.01753058954393771	0.43911316990852356	0.37299656867980957	0.36694782972335815	404	0.4101214110851288	414	0.24762007594108582	391	0.21088624000549316	362	414	hyperspatial_map_calibrated_fusion
6s_E2_to_E1	6-somite	clusters	Placode Otic	450	0.020022246941045607	0.41447797417640686	0.37769728899002075	0.30651068687438965	410	0.3278821110725403	414	0.16638779640197754	380	0.17390182614326477	378	414	hyperspatial_map_calibrated_fusion
6s_E2_to_E1	6-somite	clusters	Placode Trigeminal	329	0.014638487208008899	0.42610082030296326	0.35995909571647644	0.3889094293117523	409	0.4280526340007782	413	0.26823604106903076	392	0.23668907582759857	381	414	hyperspatial_map_calibrated_fusion
6s_E2_to_E1	6-somite	clusters	Prechordal Plate	403	0.01793103448275862	0.37109822034835815	0.23395386338233948	0.39436018466949463	396	0.4318770170211792	412	0.23945602774620056	368	0.20106986165046692	343	414	hyperspatial_map_calibrated_fusion
6s_E2_to_E1	6-somite	clusters	Primordial Germ Cells	31	0.001379310344827586	0.44188380241394043	0.3039742112159729	0.41060590744018555	384	0.43600994348526	397	0.2785465717315674	355	0.25932449102401733	344	414	hyperspatial_map_calibrated_fusion
6s_E2_to_E1	6-somite	clusters	Pronephros - anterior	356	0.015839822024471636	0.39889073371887207	0.34285271167755127	0.40386468172073364	412	0.4393797814846039	412	0.2624741196632385	401	0.26757311820983887	394	414	hyperspatial_map_calibrated_fusion
6s_E2_to_E1	6-somite	clusters	Pronephros - posterior	156	0.006941045606229143	0.4412400722503662	0.3537663221359253	0.4273443818092346	400	0.4742130935192108	414	0.2785618007183075	379	0.24817778170108795	349	414	hyperspatial_map_calibrated_fusion
6s_E2_to_E1	6-somite	clusters	Somites Formed	1520	0.06763070077864293	0.43989112973213196	0.367270290851593	0.427165687084198	412	0.4634897708892822	414	0.28292056918144226	409	0.28066760301589966	407	414	hyperspatial_map_calibrated_fusion
6s_E2_to_E1	6-somite	clusters	Somites Forming	985	0.04382647385984427	0.41017794609069824	0.35125598311424255	0.37405359745025635	413	0.41029298305511475	414	0.23609116673469543	408	0.245820552110672	406	414	hyperspatial_map_calibrated_fusion
6s_E2_to_E1	6-somite	clusters	Spinal Cord	851	0.0378642936596218	0.41854310035705566	0.3638399541378021	0.32000070810317993	408	0.34423965215682983	410	0.16939294338226318	397	0.17093592882156372	385	414	hyperspatial_map_calibrated_fusion
6s_E2_to_E1	6-somite	clusters	Spinal Cord Differentiated	230	0.010233592880978866	0.4569166302680969	0.4365529417991638	0.3458881378173828	408	0.36500662565231323	413	0.21931037306785583	400	0.21889661252498627	393	414	hyperspatial_map_calibrated_fusion
6s_E2_to_E1	6-somite	clusters	Tailbud - dorsal core	279	0.012413793103448275	0.43258070945739746	0.2967551350593567	0.3558168113231659	405	0.4061628580093384	413	0.19831407070159912	369	0.21279430389404297	350	414	hyperspatial_map_calibrated_fusion
6s_E2_to_E1	6-somite	clusters	Tailbud - dorsal peripheral	254	0.011301446051167964	0.43801820278167725	0.34284862875938416	0.3794417977333069	406	0.4204927086830139	414	0.2282421588897705	386	0.22418195009231567	368	414	hyperspatial_map_calibrated_fusion
6s_E2_to_E1	6-somite	clusters	Tailbud - ventral core	428	0.01904338153503893	0.4403982162475586	0.27642717957496643	0.40608346462249756	409	0.45652106404304504	414	0.24747832119464874	385	0.23756715655326843	377	414	hyperspatial_map_calibrated_fusion
6s_E2_to_E1	6-somite	clusters	Tailbud - ventral peripheral	359	0.015973303670745273	0.3996439278125763	0.281609445810318	0.4311360716819763	410	0.4853401780128479	414	0.2666666507720947	390	0.25819212198257446	377	414	hyperspatial_map_calibrated_fusion
6s_E2_to_E1	6-somite	clusters	Telencephalon Dorsal	365	0.016240266963292546	0.3877607583999634	0.2969796657562256	0.4060518145561218	406	0.43889176845550537	413	0.2586292326450348	375	0.2493281364440918	366	414	hyperspatial_map_calibrated_fusion
6s_E2_to_E1	6-somite	clusters	Ventral LPM	201	0.008943270300333704	0.3621107339859009	0.28115659952163696	0.3663364052772522	406	0.40997642278671265	413	0.22063328325748444	390	0.2162001132965088	378	414	hyperspatial_map_calibrated_fusion
6s_E2_to_E1	6-somite	clusters	YSL	306	0.013615127919911011	0.5180585384368896	0.4960334599018097	0.4385770559310913	414	0.46230798959732056	414	0.33588892221450806	413	0.3048686385154724	409	414	hyperspatial_map_calibrated_fusion
