sha256	bytes	path
fecb2e53c9c3036683532e1482fe0f8eca23af333b5fdd809ef89865751115c3	228	.gitattributes
7eaa4871ff87ba22367257f8b498e1e30de3dbca6c0d9c46c993837a6c6152c3	476	.github/CODE_OF_CONDUCT.md
c8ca88521b12fc9e9a7aa861e475c6d38f60bc6abf3ad324f465babd15cab7d6	618	.github/CONTRIBUTING.md
c790020ffd7468b19b729350877ba7d2a8df3078e90725f1f0f58113940c3ad2	590	.github/ISSUE_TEMPLATE/bug_report.yml
23043fb9196c81452eae48633fb0eb67d87a33a1f91eac6904ceecbea0783d79	361	.github/ISSUE_TEMPLATE/feature_request.yml
03b1be63daa0ab6dfceadae5c81333bac8c401dc74d07f6bf85cd90a90ca0376	377	.github/ISSUE_TEMPLATE/installation.yml
831f6e50a8e68f5824bc7600e4ff3b4316b0feadefa133d4628dbf4fbc530baa	274	.github/ISSUE_TEMPLATE/scientific_question.yml
c9146da75412e0fb1f6463952215b3d273c7dd0d0b9b620019e986de29ab8724	415	.github/SECURITY.md
e830a89b5a1bdb932f5dc1a2422969aacf802022cabd4301c9e3602e8da71af5	188	.github/dependabot.yml
8aa4320fb5deed890b6344033fc4336e5e0d155a08b70f3a4a92cc07e985df8b	376	.github/pull_request_template.md
4aeb828d4d3982d5c5e24bee9a581a4760a89465051f770239fd28c58244ece8	1301	.github/workflows/ci.yml
1ff92f18c280946d8637cc74f589dd830142a764c01575e0d1b8695d2bf72954	192	.gitignore
2559f2143becd53a514a81fa741aace40b8c5612e8eb14be33c854ff03affd31	131	.pre-commit-config.yaml
9e3a60f1e6ec4ae60215c11d54b171392745ec25e9dded433d5bd921363af316	35	.ruff_cache/.gitignore
40eaf035e866480d2bbcaf093124661ad0dfad3526a03257f6f2bbe407eba35a	540	.ruff_cache/0.16.7/12451159072137690630
0a17a7cb1aac9c196778bcf736d1d9463e7eb3138bf3135ae1f35be56724a238	628	.ruff_cache/0.16.7/14869301756585265000
aaf4bfbc112ec1d61a4ea71275a074a0129fc25b05b35c52b2dac566b6957426	1260	.ruff_cache/0.16.7/4058754951093246611
6cd85c12f40ff086df2654469e8ec4dd7d387fbb315bf2c626e80e3c23fe63f6	524	.ruff_cache/0.16.7/5267903705991522030
d75a9264d899aa3d2a833a9433018c41ea0b6a68a67ac5ad2671e2d6b55a16c0	324	.ruff_cache/0.16.7/7685772981401995529
95befdacf2f711e1ecc332306defa1ab98e7aabccc904d4db266cc383138803a	644	.ruff_cache/0.16.7/8980281792763970352
5953156d7e0c564a427251316eaf26f8870e6483ae2197f916b630e4f93e31ae	43	.ruff_cache/CACHEDIR.TAG
9bd18b2175aebf420c5fbf102725e7e8b35e1b51007d1b81304f580288852857	384	.zenodo.json
38659761b4b7fb0cdec4092cb48b637eafbdae678a9710e11a2d03616e800b46	595	CHANGELOG.md
34111375e90ebc723049d7ab4b921938068943825920dede65917874a306a734	585	CITATION.cff
6e7c171f380383cbc29c707eeacfd2f4f41f01a24740d09c060b5e240105935e	431	Dockerfile
2f4d202bf5afd4cec8feca95784eaab9b709d81ad6b9d39a09385ff8dbd3a8a5	1538	LICENSE
fa4eabaa803d46c4f3b49a9deb6e2a89189aee7e9bef94b689ed4e9576583775	453	Makefile
b69b95ea185b207262b26ab7158eb24e928030c048f142e78d6772199a244136	6786	README.md
693995220609b7e0b03c0534b2df66dab03c25a550ffc8872e79c4cfe7c5b02f	2341	data/DATASETS.tsv
c0faa3e51e12de483e41523ebe938ea3584caac945fbc0e22ebfd840020194f4	805	data/EXTERNAL_ARTIFACT_POLICY.md
3bf0de1fec84018f7b46059819534d2566fc81b42e34267acf82421e2acf2a41	1480	data/README.md
5914707abc1be5e73398ae68320fb87662925919663b41ece261c23a1895e585	306	data/checksums/adjacent_pairs.tsv
dc5501f82c8a08eacc93be24b643a54781e5a4ca3b6a6832fc7e4632a4baf177	3085	data/checksums/sections.tsv
9284d0e9b53e2d26992f15adb158a9e31cc0b1540292684e901dc5d4a98a25eb	2116	data/checksums/wemerfish_dataset_manifest.json
6e1960ca4b70ed83f661b4235dd8a11c129ec8c70673c6fadfca08cbafd7c07c	862	docs/adapt.md
0decafd5beabdaa5950720b367b8641a9c9a2809542d00cfdbee78975f898bfe	12140093	docs/assets/Figure_1.pdf
56b9c98a2d2c9faa948ce33d03c793c40d4a77bda377af5d59646815672c72bf	449611	docs/assets/Figure_1_preview.png
25a290645d5eadf7c704e10278bed245b9a6a5800bd5e198d2942619ac0253ff	631	docs/cli.md
4e5a8673234214fe146f8bf80135c771a54f9c57a4a67bf8c1ffee68cf42b48e	1428	docs/data_formats.md
d46cec2461934f52686c25fcec3b917391b2de95f5a32a75f476211090314633	775	docs/design_panel.md
77d3da048882441d47984b997d1a1f9bceb6d1a5bb33583ea67c1ad7bde714de	841	docs/faq.md
0a92867204dab89145e673acb23b2f46913cfced2ec228cb0dcbf05355f9d70d	1202	docs/figure_provenance.md
aaa2fbab1fe4a69cb0754f4299ef2eeec4f34c0130a15242f6573051f132cb28	524	docs/forecast.md
88ebdf2dfca704d9090ef24372a6ca47d825963a1b78a7acc974acb3cb8ca553	634	docs/index.md
a46f56b9fa084413b059f296139bf91699f2169a994526ab05aa46bbeeb1d033	766	docs/installation.md
84ca22043c6cd9a41238242d4038a915e29df530bbbac2d8dfa3d077c85d8624	1164	docs/manuscript_overview.md
93593d7e488c051ea77d14a71258feb0015359230d6fe3877044da8cbd8f4325	103	docs/python_api.md
f8d24f90967f0fb3be2cfd3a15ee2760ba19bdf371ec1da10041145407a6db90	1304	docs/quickstart.md
b504090658fada8631d27714f5528b76b73fe3827d0844115a2132f5af2788fe	699	docs/release_and_zenodo.md
12aeb01e7447c06f0cbcaf066c693d9182de8c962d31531f0f9078980c43ecd2	1324	docs/repository_scope.md
b47c50fbb1ba92f4a96c23480c981ad699a09d5d4e1044e796aa6b043c6d4718	694	docs/residuals.md
ea2614e1d324f8bf4e193831e4247dc5ec55b4b2997129427b08b9c719554d12	1299	docs/scientific_guardrails.md
4a2c0e12b6d70bee68adf928f545b971f78911824a2e57f9c5c4cc1e88238fdd	1146	docs/statistical_units.md
3c3277a46b1a7cac045cf6d51ae616ef537c43bbbcd9b1c14505718c93af30b9	6219	docs/tool_architecture.md
0abbaaf05d96c4b97463a649103881407ba18225c6b385a2f0b69905ecc0da4f	1569	docs/validation.md
07f7a442885978b3a3947493c582f9a64ec99cd1c0eb5862d0d6ed2efd456657	240	environment.yml
3ff5b0bf73ee03d43253ee26324081c2feb4a8aec7cbc7e54a7a2ce0debe8d79	1657	examples/README.md
0153d1fbdbeaeed08db3d4b98d1934d4a064992a06d33bddb85eeb23e837c819	16332	examples/manuscript_evidence/figure_02/METHOD_COMPARISONS_BY_EMBRYO.tsv
eeb94cb07f89b3fc8efd6d913db1e378c2e0ba418e04857bd2ae7ed80999af31	9723	examples/manuscript_evidence/figure_02/PRIMARY_ENDPOINTS_BY_EMBRYO.tsv
bafe614e878721a6c698152202be25a419ed5663400b0a6d84bcfef8deec6d0c	442	examples/manuscript_evidence/figure_02/README.md
7b7b569f9ec81b204e7436ea5aa641e7e1a9e78439d2dd1526cdc9f1c6abe2d5	2002	examples/manuscript_evidence/figure_02/TRANSIMPSPA_FIGURE_METRICS.tsv
328fd4b5797fa3c6227985ccafe6e9a6fa18ec0faa168ebb161ed9db80d81d76	1499	examples/manuscript_evidence/figure_05/01_PRIMARY_RESULTS_TABLE.tsv
c7caed53c30ead4b06e02dddc21cd50e4ba323e4adefa26131dc36d059a64c08	1411	examples/manuscript_evidence/figure_05/03_PAIR_LEVEL_RESULTS.tsv
c5ea202f5a3f5c5e5ec2ba0fd7ac556fb9faa2242274f89520efa3e44ff02997	340	examples/manuscript_evidence/figure_05/README.md
bf55be1aae999d25faaf94e73c1938dca01cbc91e4234dbf2f576b88135276ea	1488	examples/manuscript_evidence/figure_06/04A_SECTION_LEVEL_RESULTS_PSC.tsv
127fef1dee24f5621c8c55c7af8de9ad1cf532b3b98fd175712bc94557f5b17d	1039	examples/manuscript_evidence/figure_06/04_PATIENT_LEVEL_RESULTS.tsv
453562d1fc2090718688618a3da5d7a1849d19b409dd0c7e1df10183e301ae75	7618	examples/manuscript_evidence/figure_06/04_PATIENT_LEVEL_RESULTS_MASLD.tsv
6ce7662cf9043b0c2b4d559efbd0231742546d08d95eef300722f60f9f3795c9	562	examples/manuscript_evidence/figure_06/07B_DISEASE_PROGRAM_SUMMARY.tsv
f8c163aca8a0e53be5de3c547ea19738ce68e45dbf490bc6d0014281f0dcbe5d	351	examples/manuscript_evidence/figure_06/README.md
550d66226a90ecad7ed1ea05d4b4b96e7633a3c74fa7b5cb1757a5ecd4d7e90f	928	mkdocs.yml
0503b560b86295f4fad7783999e7a345ead18fb25318ca7f6eb1247536337026	14017	notebooks/00_run_atlastailor_dlpfc.ipynb
cd03c95fe39eeb26571012e69ac8682d130f04df6c1fbf2e9cd33256d778270a	10081	notebooks/01_run_atlastailor_zebrafish.ipynb
f83fc04d34cc5d50891d3603a80c616dd7e758a4ca8e3e26481da585317acb55	6087	notebooks/04_run_atlastailor_on_your_data.ipynb
ad77d4b2c6c38fbca56007fd8ee9d2579ea9de51c8799a3de6ce84de0bc60163	2430	notebooks/10_figure2_benchmark_results.ipynb
233c9227ba9d3cfd3fc4b4aca69db33c9fcd7bc087c14a97e92d37ea209d21b8	3126	notebooks/11_cross_platform_benchmark_results.ipynb
21d165c4479dfa0b72c93f3ec585fcba3b3107c598fa9824cc9e90cc53eeb3a1	3570	notebooks/12_liver_disease_validation_results.ipynb
c9b3c161dd96bc8657dce3b27ef559e3d41ad7e32306845e714b1f4f2b31cc4b	1273	notebooks/README.md
c3863c85a12e69c205c82dd95ffbbe47d6e03b3ec2014bb07720e8956ec0f796	1323	preprocessing/README.md
f193a6f28c0e7a2df372e9a0d135231645d87e55593962f8b6eae875e438f501	1315	preprocessing/export_spatiallibd_coordinates.R
3dc8279c212b0138b07fcdaf63d448a2934b9e74da82cf07a7950ff0e9b3f0ab	2122	pyproject.toml
af6e0be94aebe98f2805f1ffdecde1d573f2173ab28ccdccb577bda949c08e14	1698	scripts/build_release_manifest.py
8ed2e981df5241d317c07fe556d5ba48d2de78edd60c07f6f1258873920c5f38	1329	scripts/execute_notebooks.py
b7509f6d7e040d004d4e3d4e450db2ba13ffccd85fb1a285ffb346a2f3d3ddb7	4589	scripts/make_notebooks.py
33b0377da2d5794bb70652d3d1a4c6f0a92998dd1689e3c21649ee4e21ae98d8	21085	scripts/make_public_tutorial_notebooks.py
100f66f28951c2366c5227e829977e38c1f0d0a9bcdbd33a44c902d2810c44a0	2509	scripts/make_tiny_example.py
2c93b362c9c145d944ac144892fdcf060d97f0dbdf59af30e587008e4711a1e9	2740	scripts/verify_release.py
e3304eefd9ccd418f2194dc9791a6ac263c85f66c8e92096ef8fe909049881ff	80	src/analysis/__init__.py
70fd5ead1eb69f5efef250674e922fa8eb058c05c8fb41ff00c9ae53d7a3e09a	71	src/analysis/hyperspatial_map_2d_dlpfc/__init__.py
0ffe28a35de6926a7caf55ad91ebd5808d6c9e008bb1df6f64264a99e3edfdc7	12068	src/analysis/hyperspatial_map_2d_dlpfc/dlpfc_common.py
a59e93dc8237e434783f7346b2ea9acb127c6393d948421114bc6d5ae4f38f35	76	src/analysis/panel_design_extension/__init__.py
b91319959a6fed3c002b316fb75618dd045bc49928f916e398798df9141f8af1	40591	src/analysis/panel_design_extension/run_panel_design_extension.py
f0ecb5ae3cb006950f6bac5bfee730769b3bc17b6971d2b9346d87280dcca6e4	780	src/hyperspatial/__init__.py
54ce9f48e5b216a64d195974197968c0741d69a2daaeb998e40e49782499b443	195	src/hyperspatial/adaptation/__init__.py
318d229b810933516f129621a6044f7c5ada32ae49d971731debe9803fa071d9	7624	src/hyperspatial/api.py
fa571a2cb271d2dce249fecbefda97f758984383b1026a842b3112380a755f3c	9032	src/hyperspatial/artifacts.py
6fdf15117515da4a7cf7eabc55ffb6f0e4b08a7c0de79fe0541bfbb2e0ef441b	4681	src/hyperspatial/cli.py
5967a53ecb85132820294a082fb3cb7409b763e10ffd85518ae24a17d05f2f86	2745	src/hyperspatial/config.py
1fb4db3ab69a767f7458cd906c4f9600bcb1e14aff5f8fd4e7696405d5bd4510	2193	src/hyperspatial/core.py
5d32c520db9e4664910e80c11a01319b828af3904cccffff1e477b126c89da87	180	src/hyperspatial/design/__init__.py
be85f6832e337cd9a04bd106ae2b600aad70c5d690c2f55f069930b832bf96fe	190	src/hyperspatial/evaluation/__init__.py
5ea768494b820ade8c11a739d9f9d62ace9d63d8e0a7facae2b17215e8da445d	177	src/hyperspatial/forecasting/__init__.py
5dcc0d69893b7891d78ec0681572b7bd1b29a146b122629e49f342f8bc521bdb	109	src/hyperspatial/guard/__init__.py
5b2dcb8e9f8c12c28b52653c21667539648ada75455d887951d7efeee1e7b5b1	4127	src/hyperspatial/io.py
07788841566ba45f95025e9ca8c1303af930b28eef03387f38016a74a7c63b29	2898	src/hyperspatial/metrics.py
6a58f20f676c4ce9d07327579826a96ab9baf70df2285fa54901c906d67f179a	3833	src/hyperspatial/models.py
0b9d64aa68f393085314aad264ee9ec0fdc6ff44185bd4c664461c113c1a90c8	7269	src/hyperspatial/panel.py
dc4f7a0dcd39514df34a33a54f1f5cda19e0e00f89829b57b633b8e5b6a0def2	179	src/hyperspatial/predictors/__init__.py
e5a5e634e61c050f5ae22cdc33b6c105ff3b174487d483f14f6d4675202bcb43	203	src/hyperspatial/provenance/__init__.py
fd5d3c5939c7d96686f08fb8008df3ad9cfbedee232aae5d5fd3b6b8c3381700	1675	src/hyperspatial/registration.py
a26dbfe37dbc9f3045c789fb9b92c9a0337b5338a424a18b419a41077f43b055	120	src/hyperspatial/residuals/__init__.py
c8b9117c98f6b637e9869598721d46a9557dbca24ace98ebeecdfbc6ecb983ad	794	src/hyperspatial/runio.py
14cea145bade8fe32cbd63c51d06dab1abb0e3cc99dc3be28894ee0688debdfa	112	src/hyperspatial/transfer/__init__.py
0e6f4e9cc6867820453b2d5d708649de893ab30c5a012764e29d0cc7b83aa5b0	11658	src/hyperspatial/workflows.py
436ee28cfa7b5615cb8f6080d51b73d327141b12eeeeec7cb6e3f8569f5ebf4c	11454	src/hyperspatial_correspondence_transport.py
d0830928d07c5ae0590bfe28ca4099cb89897480e32ba3d2f1fa631f002aac72	6974	src/hyperspatial_map.egg-info/PKG-INFO
7de531c7be84572a1a5ea0237f1d6f5be320546d01247d7736c34814cdee0ae8	1818	src/hyperspatial_map.egg-info/SOURCES.txt
01ba4719c80b6fe911b091a7c05124b64eeece964e09c058ef8f9805daca546b	1	src/hyperspatial_map.egg-info/dependency_links.txt
8acf0e459c155d3cc45403186b662679cf410021587c1bf80d27dd4c010b4168	55	src/hyperspatial_map.egg-info/entry_points.txt
a250fbf6ba140e29f944e117fa1c37a0057bc1d122cb972695f1959e8d1fe90d	395	src/hyperspatial_map.egg-info/requires.txt
22305a19b79a9995a981087af2fc1202ec209e7f5d18445f0e22187a630740cd	315	src/hyperspatial_map.egg-info/top_level.txt
3f308c8cf04cfa112eedb780b680fa65c770e1741c2c777046d26d361bde6655	11436	src/hyperspatial_map_t_core_20260804.py
0b137051da94ecbb794f06eae1d43f71bfce3aeec6e798991bf85c63542d97f2	45771	src/hyperspatial_modelv9.py
b026707317c1214506e70f8f54d8db96de3f2a09ebd9367f712805dc598a0a4c	8887	src/hyperspatial_molecular_hologram.py
6ece4008d579821799f2eea2ba0abd447b03ea470b90c96090ad6f3f5be49d12	22774	src/run_hyperspatial_map_stage1_20260803.py
317c5d642541def2e3384ec914c20067b6630dd535aecd4be880bd1a2a550bb6	20808	src/run_hyperspatial_map_stage1b_20260803.py
1e32b6fb73074fe0d82e2ce5ce182291a4583e1970be2a09da77d24f748921cd	22160	src/run_molecular_hologram_pilot.py
bc4c79548ebdbe2016df3623c95823a132d01bcd50da3cc995a93e1c0f3ae905	28657	src/run_mouse_temporal_transport_gate.py
1d14d143af98f9196e121be98094b993b4d6ca5c8bde8a61ed447c9d71ee7635	22218	src/run_wemerfish_temporal_holdout.py
627d93cdeb57ed9f18f0d1deeb2016945bb9b3e6b0cfd3fc2169b45c02c7b660	331	tests/fixtures/README.md
c10e7c15d1b3db05c43c41e5432387afd8d046d7d4694c266ae6c7a756dea271	176	tests/fixtures/minimal_2d/README.md
4838072530c0ee98c0bbf6eda4553bdf4c852b49a987cdf7cbfece4a470def2d	54	tests/fixtures/minimal_2d/config.yaml
869125f7828ba3591a41fba91b571f552f53bf4d6675293e49eed5395ee220c8	51128	tests/fixtures/minimal_2d/reference.h5ad
01c8fdbbf92653ece187fea0ebca8023abd64c2967190f1d46d30440c342669d	51128	tests/fixtures/minimal_2d/target.h5ad
75e746486f3ae6efb41daa7c87967fd994a46c5f22c6ee0b05473785983531d4	25410	tests/fixtures/minimal_2d/tracking_bundle.npz
e60cf0956a46fb80eb6c517ee836e7aa696ee4103560fc558958969bde0aea83	176	tests/fixtures/minimal_3d/README.md
4838072530c0ee98c0bbf6eda4553bdf4c852b49a987cdf7cbfece4a470def2d	54	tests/fixtures/minimal_3d/config.yaml
5e4d2900f8fe46b55077b528beb92846d90668ebe200c4677f8a68532d7c76a7	53184	tests/fixtures/minimal_3d/reference.h5ad
2a44954ae5b49c9e40a34c0c2b7e888b76ad9945057e942b4aafe0c03dd8947c	53184	tests/fixtures/minimal_3d/target.h5ad
629c0d3b6e51470c42d911a651c1b55b4b8d1ca76d3874298d86869b4eefb445	2013	tests/notebooks/00_quickstart_synthetic.ipynb
612d3e52f2891f782e5f25e4fffbb0176b803ca27eda9ad3c56e00604c4b3819	1814	tests/notebooks/01_design_sparse_panel_synthetic.ipynb
a347756b365d8d403b66e69977fd2a241a14c8e774602dfbc0cfce41a5be7235	1710	tests/notebooks/02_adapt_3d_specimen_synthetic.ipynb
98f950726ad5c6b7faa430e76d8d643c0be716a7d81c3d4a733adecead664eb9	1742	tests/notebooks/03_explore_target_specific_residuals_synthetic.ipynb
5e28af8ae4f5656616c247e96f4fbacac1ad30aca565358524bae8d4130ee1bf	1677	tests/notebooks/04_forecast_with_MAPT_synthetic.ipynb
9096c732ac2f73ceddaa4e1a87be6ec9e7f392f097a7103e3291b86904455dda	1555	tests/notebooks/05_adapt_2d_visium_synthetic.ipynb
408ff143d17be7466612a6feefa593e90e312c0f51ad32b1cf68187cf3096ee8	1983	tests/test_adapt.py
0c6922d70686959d7e5a4b74309dc8b7fbf18f6504d932907de01cb1f94cc608	269	tests/test_api.py
e65571757a8c7315be1f461894afa15194d45071dd72b5609330b234abad1c21	525	tests/test_core.py
8c60986211a14b0f5a0be4a4ad74f72bf4ec283c67fbe1808700a44cc3009a6c	998	tests/test_design.py
19042205eec427710268fdff18fdf4f387b82ca46d19479df3df68f3deabdb12	733	tests/test_forecast.py
4f7f146b69e9de2160ccfcf2ffc26a6cce4aa61d24eaa4fda81106f0458fde4e	3354	tests/test_frozen_regression.py
efba92bb78f3ec5e670079db49be2a7b81f0164b8dfa6d57d78d2dc33e2285ea	1151	tests/test_inputs_and_leakage.py
5f19938c161ebb70ad74ad65dc9d02a6dec5f7a3cd510334b12de9e5488877c8	428	tests/test_public_api.py
db2aaf466b0b165b52de1b73f0ffeb53b7081d6613e8bcb0886e82a3d0848c63	512	tests/test_registration.py
