target_key	stage	source_embryo	target_embryo	method	seed	svg_spatial_pearson_median	svg_spatial_spearman_median	auprc_enrichment_median	topk_dice_median	weighted_centroid_error_median	spatial_emd_median	log1p_rmse	moran_error_median	eligible_localization_genes	pearson_ci_low	pearson_ci_high	predictable_genes	residual_spatial_pearson_median	rank_svg_spatial_pearson_median	effect_vs_idw_svg_spatial_pearson_median	rank_residual_spatial_pearson_median	effect_vs_idw_residual_spatial_pearson_median	rank_auprc_enrichment_median	effect_vs_idw_auprc_enrichment_median	rank_topk_dice_median	effect_vs_idw_topk_dice_median	rank_weighted_centroid_error_median	effect_vs_idw_weighted_centroid_error_median	rank_spatial_emd_median	effect_vs_idw_spatial_emd_median	rank_log1p_rmse	effect_vs_idw_log1p_rmse	mean_rank_7_endpoints	endpoint_gene_set	effect_orientation	evaluation_unit
50p_E1_to_E2	50% epiboly	E1	E2	registered_nearest_neighbor	43.0	0.1976174513498941	0.1773994095506747	1.2609855096666702	0.3578408955170563	0.0261376901496254	0.06552502995711	0.8963809808095297	0.0917800845606029	100.0	0.137817953278621	0.2375972458471854	477.0	-0.0884157593051592	6.0	-0.08279149731000268	6.0	-0.0884157593051592	6.0	-0.1364451321788107	6.0	-0.040660593770224907	5.0	-0.0008494404923626991	4.0	0.0016882845126933999	6.0	-0.11284746726353967	5.571428571428571	frozen source-defined confirmatory non-anchor	positive_is_better_than_registered_idw_k12	directional target embryo
50p_E1_to_E2	50% epiboly	E1	E2	registered_idw_k12	43.0	0.2804089486598968	0.2451497475577161	1.397430641845481	0.3985014892872812	0.0252882496572627	0.0672133144698034	0.78353351354599	0.4889567209724388	100.0	0.2130824233094851	0.3405031191805998	477.0	0.0	5.0	0.0	5.0	0.0	5.0	0.0	5.0	0.0	4.0	0.0	6.0	0.0	5.0	0.0	5.0	frozen source-defined confirmatory non-anchor	positive_is_better_than_registered_idw_k12	directional target embryo
50p_E1_to_E2	50% epiboly	E1	E2	atlas_plus_global_anchor_residual	43.0	0.4909040828545888	0.4209381067684637	1.6429827966536186	0.4791196539866751	0.0218014428970034	0.0634739786883068	0.663420557975769	0.2471924853811993	100.0	0.4113056026399135	0.5388820370038351	477.0	0.3205536107222239	3.0	0.210495134194692	3.0	0.3205536107222239	3.0	0.24555215480813763	4.0	0.08061816469939392	3.0	0.003486806760259302	3.0	0.0037393357814966	3.0	0.12011295557022095	3.142857142857143	frozen source-defined confirmatory non-anchor	positive_is_better_than_registered_idw_k12	directional target embryo
50p_E1_to_E2	50% epiboly	E1	E2	atlas_plus_local_anchor_residual	43.0	0.4798762400945027	0.4263796572967985	1.637944830043148	0.4845914761910869	0.0273280262788636	0.0656343068407986	0.6784668564796448	0.2815514175255472	100.0	0.4035580456256866	0.5300584435462952	477.0	0.306390901406606	4.0	0.1994672914346059	4.0	0.306390901406606	4.0	0.24051418819766712	3.0	0.0860899869038057	6.0	-0.0020397766216008993	5.0	0.0015790076290048	4.0	0.10506665706634521	4.285714285714286	frozen source-defined confirmatory non-anchor	positive_is_better_than_registered_idw_k12	directional target embryo
50p_E1_to_E2	50% epiboly	E1	E2	anchor_only_calibrated	43.0	0.5770244002342224	0.4829938839007855	2.147387057774297	0.5462682008717095	0.01519754172189	0.0586366851836054	0.6173822283744812	0.1455116732251082	100.0	0.5209395304322243	0.6096834540367126	477.0	0.4760510623455047	1.0	0.2966154515743256	1.0	0.4760510623455047	1.0	0.7499564159288161	1.0	0.14776671158442828	1.0	0.010090707935372702	1.0	0.008576629286197998	1.0	0.1661512851715088	1.0	frozen source-defined confirmatory non-anchor	positive_is_better_than_registered_idw_k12	directional target embryo
50p_E1_to_E2	50% epiboly	E1	E2	hyperspatial_map_calibrated_fusion	43.0	0.5614516933759054	0.4851107898716485	2.003056589852712	0.535587435282939	0.0171378896743448	0.0605209589540987	0.6528216203053793	0.2083994372895209	100.0	0.4976298213005066	0.6056121389071146	477.0	0.4705023864905039	2.0	0.2810427447160086	2.0	0.4705023864905039	2.0	0.605625948007231	2.0	0.13708594599565777	2.0	0.008150359982917903	2.0	0.006692355515704698	2.0	0.13071189324061072	2.0	frozen source-defined confirmatory non-anchor	positive_is_better_than_registered_idw_k12	directional target embryo
50p_E2_to_E1	50% epiboly	E2	E1	registered_nearest_neighbor	43.0	0.1992689569791157	0.1595436080127519	1.3439537080584465	0.3108852703853084	0.0306030363055907	0.0690661067607562	0.8676672180493673	0.1823881355746225	99.0	0.1321764759719371	0.2423245064914226	478.0	-0.1180183763305345	6.0	-0.09488791227340701	6.0	-0.1180183763305345	6.0	-0.1589019999442911	6.0	-0.04341187820637232	6.0	-0.002108315702975299	6.0	-0.0010457148452602955	6.0	-0.13109860817591357	6.0	frozen source-defined confirmatory non-anchor	positive_is_better_than_registered_idw_k12	directional target embryo
50p_E2_to_E1	50% epiboly	E2	E1	registered_idw_k12	43.0	0.2941568692525227	0.2299597760150554	1.5028557080027376	0.3542971485916807	0.0284947206026154	0.0680203919154959	0.7365686098734537	0.5369766342104504	99.0	0.2060416610290606	0.3383736809094747	478.0	0.0	5.0	0.0	5.0	0.0	5.0	0.0	5.0	0.0	5.0	0.0	5.0	0.0	5.0	0.0	5.0	frozen source-defined confirmatory non-anchor	positive_is_better_than_registered_idw_k12	directional target embryo
50p_E2_to_E1	50% epiboly	E2	E1	atlas_plus_global_anchor_residual	43.0	0.4227864344914754	0.3584837039177579	1.7048646664310054	0.387903655814874	0.0246116437662404	0.062286233246046	0.6458335518836975	0.2135011888759752	99.0	0.3360819198191165	0.4726841350396474	478.0	0.2818558613459269	4.0	0.1286295652389527	3.0	0.2818558613459269	4.0	0.20200895842826783	4.0	0.033606507223193305	4.0	0.0038830768363749997	3.0	0.005734158669449901	3.0	0.09073505798975623	3.5714285714285716	frozen source-defined confirmatory non-anchor	positive_is_better_than_registered_idw_k12	directional target embryo
50p_E2_to_E1	50% epiboly	E2	E1	atlas_plus_local_anchor_residual	43.0	0.4344205856323242	0.3697463760606362	1.7510112804861373	0.4140617227711367	0.0219529219938525	0.0625841693640998	0.6475992798805237	0.2783134516425732	99.0	0.3659508536259332	0.4903754246731598	478.0	0.2800766726334889	3.0	0.1402637163798015	4.0	0.2800766726334889	3.0	0.2481555724833997	3.0	0.059764574179455965	3.0	0.006541798608762899	4.0	0.0054362225513961	4.0	0.08896932999293006	3.4285714285714284	frozen source-defined confirmatory non-anchor	positive_is_better_than_registered_idw_k12	directional target embryo
50p_E2_to_E1	50% epiboly	E2	E1	anchor_only_calibrated	43.0	0.5080492496490479	0.4153293829749514	2.027187162464894	0.435740072202166	0.0126966908236842	0.0587243751767006	0.5955831408500671	0.0783319762219043	99.0	0.4289535261690616	0.5734292030334472	478.0	0.47213081518809	1.0	0.21389238039652514	1.0	0.47213081518809	1.0	0.5243314544621565	1.0	0.08144292361048527	1.0	0.0157980297789312	1.0	0.0092960167387953	1.0	0.1409854690233866	1.0	frozen source-defined confirmatory non-anchor	positive_is_better_than_registered_idw_k12	directional target embryo
50p_E2_to_E1	50% epiboly	E2	E1	hyperspatial_map_calibrated_fusion	43.0	0.4818089008331299	0.4005325673476792	1.9298017400721064	0.414441480500118	0.0139711586572292	0.0588100913050566	0.6331961353619894	0.1519440159157975	99.0	0.3958243618408839	0.5442053447167079	478.0	0.4566731452941894	2.0	0.18765203158060717	2.0	0.4566731452941894	2.0	0.42694603206936876	2.0	0.060144331908437265	2.0	0.014523561945386199	2.0	0.009210300610439301	2.0	0.10337247451146436	2.0	frozen source-defined confirmatory non-anchor	positive_is_better_than_registered_idw_k12	directional target embryo
75p_E1_to_E2	75% epiboly	E1	E2	registered_nearest_neighbor	43.0	0.3683451215426127	0.3137639531375184	1.8449615112268205	0.4638014516107434	0.0244995984328165	0.0648374325097209	0.9424687226613364	0.0975006228090099	100.0	0.283973753452301	0.4071711798508962	465.0	-0.0815649554133414	6.0	-0.06881208221117652	6.0	-0.0815649554133414	6.0	-0.24958449341503774	6.0	-0.028367112032434638	6.0	-0.0006287482555672984	5.0	0.0002823054513221013	6.0	-0.12871893246968602	5.857142857142857	frozen source-defined confirmatory non-anchor	positive_is_better_than_registered_idw_k12	directional target embryo
75p_E1_to_E2	75% epiboly	E1	E2	registered_idw_k12	43.0	0.4371572037537892	0.4160607671796965	2.0945460046418583	0.492168563643178	0.0238708501772492	0.065119737961043	0.8137497901916504	0.4721462276634403	100.0	0.3734588940938313	0.4867953856786092	465.0	0.0	5.0	0.0	5.0	0.0	5.0	0.0	5.0	0.0	5.0	0.0	6.0	0.0	5.0	0.0	5.142857142857143	frozen source-defined confirmatory non-anchor	positive_is_better_than_registered_idw_k12	directional target embryo
75p_E1_to_E2	75% epiboly	E1	E2	atlas_plus_global_anchor_residual	43.0	0.6371326049168905	0.5644696763124967	2.8458672390149364	0.5981949422431745	0.0199061083555237	0.0621823104303733	0.671321451663971	0.2405662474222361	100.0	0.5732844869295756	0.6885500421126683	465.0	0.3807724316914876	4.0	0.1999754011631013	4.0	0.3807724316914876	3.0	0.7513212343730782	3.0	0.10602637859999647	3.0	0.003964741821725501	2.0	0.002937427530669709	3.0	0.14242833852767944	3.142857142857143	frozen source-defined confirmatory non-anchor	positive_is_better_than_registered_idw_k12	directional target embryo
75p_E1_to_E2	75% epiboly	E1	E2	atlas_plus_local_anchor_residual	43.0	0.6384305953979492	0.5645590597715935	2.841337937991099	0.5998196568629321	0.020375680939574	0.063764061728297	0.6761229236920675	0.2514962192227641	100.0	0.5821555122733116	0.6863892873128256	465.0	0.3876360158125559	3.0	0.20127339164416003	3.0	0.3876360158125559	4.0	0.7467919333492405	2.0	0.10765109321975413	4.0	0.003495169237675202	4.0	0.0013556762327460031	4.0	0.1376268664995829	3.4285714285714284	frozen source-defined confirmatory non-anchor	positive_is_better_than_registered_idw_k12	directional target embryo
75p_E1_to_E2	75% epiboly	E1	E2	anchor_only_calibrated	43.0	0.6518192291259766	0.6018166309240374	2.9318285315586223	0.5979370095352539	0.0175873449574103	0.062351086150555	0.6414828300476074	0.1212873307600865	100.0	0.5942116816838582	0.6922270144025484	465.0	0.5043216745058695	2.0	0.21466202537218737	1.0	0.5043216745058695	2.0	0.8372825269167641	4.0	0.10576844589207585	1.0	0.006283505219838899	3.0	0.002768651810488007	1.0	0.17226696014404297	2.0	frozen source-defined confirmatory non-anchor	positive_is_better_than_registered_idw_k12	directional target embryo
75p_E1_to_E2	75% epiboly	E1	E2	hyperspatial_map_calibrated_fusion	43.0	0.6579148769378662	0.6004637559276388	2.9515419457047547	0.6176476506911549	0.017802392164827	0.0616618232714286	0.6634019215901693	0.2299235403891668	100.0	0.6118889580170314	0.7173023750384648	465.0	0.4988109072049458	1.0	0.22075767318407702	2.0	0.4988109072049458	1.0	0.8569959410628964	1.0	0.1254790870479769	2.0	0.006068458012422201	1.0	0.0034579146896144067	2.0	0.15034786860148108	1.4285714285714286	frozen source-defined confirmatory non-anchor	positive_is_better_than_registered_idw_k12	directional target embryo
75p_E2_to_E1	75% epiboly	E2	E1	registered_nearest_neighbor	43.0	0.336738924185435	0.3062102375019743	2.052339436552844	0.3918730746236891	0.0253231001060715	0.0667934404190481	0.914297103881836	0.08296364861418	100.0	0.2812586858868599	0.4034869832297165	467.0	-0.0990160703659057	6.0	-0.09342315793037409	6.0	-0.0990160703659057	6.0	-0.34017985904467896	6.0	-0.04657123236349531	6.0	-0.0014730310457349016	4.0	0.0009082800705998983	6.0	-0.13074445724487316	5.714285714285714	frozen source-defined confirmatory non-anchor	positive_is_better_than_registered_idw_k12	directional target embryo
75p_E2_to_E1	75% epiboly	E2	E1	registered_idw_k12	43.0	0.4301620821158091	0.4026277814601481	2.392519295597523	0.4384443069871844	0.0238500690603366	0.067701720489648	0.7835526466369629	0.4405847470320118	100.0	0.3968724300463994	0.5074669574697812	467.0	0.0	5.0	0.0	5.0	0.0	5.0	0.0	5.0	0.0	4.0	0.0	6.0	0.0	5.0	0.0	5.0	frozen source-defined confirmatory non-anchor	positive_is_better_than_registered_idw_k12	directional target embryo
75p_E2_to_E1	75% epiboly	E2	E1	atlas_plus_global_anchor_residual	43.0	0.6397459506988525	0.5832971846476003	3.3409767898578573	0.5947497334497749	0.0188654499564084	0.061937193506076	0.6284091273943583	0.2166617759171824	100.0	0.5732868388295174	0.7161544372638066	467.0	0.3715828160444895	4.0	0.20958386858304345	3.0	0.3715828160444895	3.0	0.9484574942603343	2.0	0.1563054264625905	2.0	0.0049846191039281985	1.0	0.005764526983571994	3.0	0.1551435192426046	2.5714285714285716	frozen source-defined confirmatory non-anchor	positive_is_better_than_registered_idw_k12	directional target embryo
75p_E2_to_E1	75% epiboly	E2	E1	atlas_plus_local_anchor_residual	43.0	0.640826404094696	0.5781097804038541	3.294761627082656	0.594330954168255	0.0184860358297672	0.0629098577084445	0.6348126331965128	0.241665042766183	100.0	0.5707023541132609	0.7120409369468689	467.0	0.3629578649997711	3.0	0.21066432197888696	4.0	0.3629578649997711	4.0	0.9022423314851329	4.0	0.1558866471810706	1.0	0.005364033230569398	2.0	0.004791862781203499	4.0	0.14874001344045007	3.142857142857143	frozen source-defined confirmatory non-anchor	positive_is_better_than_registered_idw_k12	directional target embryo
75p_E2_to_E1	75% epiboly	E2	E1	anchor_only_calibrated	43.0	0.6557109355926514	0.6195159966085138	3.395297679937498	0.6144211068224386	0.0240316085812847	0.0676704493634432	0.5932778716087341	0.102435977879654	100.0	0.6092545146743457	0.695726548631986	467.0	0.5302746693293253	2.0	0.22554885347684228	2.0	0.5302746693293253	2.0	1.0027783843399751	1.0	0.17597679983525416	5.0	-0.00018153952094810202	5.0	3.1271126204795996e-05	1.0	0.19027477502822876	2.5714285714285716	frozen source-defined confirmatory non-anchor	positive_is_better_than_registered_idw_k12	directional target embryo
75p_E2_to_E1	75% epiboly	E2	E1	hyperspatial_map_calibrated_fusion	43.0	0.6748987038930258	0.6292147498376961	3.397954698934985	0.594412843188825	0.0202545905309555	0.0638215407433529	0.6225960453351339	0.1904687078259614	100.0	0.6058764855066935	0.7166432857513428	467.0	0.5303763349850973	1.0	0.24473662177721667	1.0	0.5303763349850973	1.0	1.005435403337462	3.0	0.15596853620164064	3.0	0.003595478529381097	3.0	0.0038801797462950927	2.0	0.16095660130182898	2.0	frozen source-defined confirmatory non-anchor	positive_is_better_than_registered_idw_k12	directional target embryo
6s_E1_to_E2	6-somite	E1	E2	registered_nearest_neighbor	43.0	0.3367764353752136	0.2928116406251995	1.827613754425528	0.4080928028866825	0.0141911253622943	0.0401464792001314	0.8994667530059814	0.0411049555144992	100.0	0.303318395713965	0.3657273545861244	441.0	-0.0893429418404896	6.0	-0.11011308431625355	6.0	-0.0893429418404896	6.0	-0.37648276813755666	6.0	-0.035300067326337115	5.0	-0.0013845393308024988	4.0	0.0002817032937447936	6.0	-0.1504066983858744	5.571428571428571	frozen source-defined confirmatory non-anchor	positive_is_better_than_registered_idw_k12	directional target embryo
6s_E1_to_E2	6-somite	E1	E2	registered_idw_k12	43.0	0.4468895196914672	0.3859828785765135	2.2040965225630846	0.4433928702130196	0.0128065860314918	0.0404281824938762	0.749060054620107	0.3102916569544016	100.0	0.4027121601005394	0.4736422223349412	441.0	0.0	5.0	0.0	5.0	0.0	5.0	0.0	5.0	0.0	4.0	0.0	5.0	0.0	5.0	0.0	4.857142857142857	frozen source-defined confirmatory non-anchor	positive_is_better_than_registered_idw_k12	directional target embryo
6s_E1_to_E2	6-somite	E1	E2	atlas_plus_global_anchor_residual	43.0	0.5611987908681234	0.4974111909874443	2.6571431570567703	0.5271463684989955	0.0123608820394044	0.0385461175378459	0.6471485694249471	0.2643017214655028	100.0	0.521219719449679	0.5881518324216207	441.0	0.341877818107605	4.0	0.11430927117665624	3.0	0.341877818107605	3.0	0.45304663449368565	4.0	0.08375349828597595	2.0	0.0004457039920874005	1.0	0.0018820649560302993	3.0	0.10191148519515991	2.857142857142857	frozen source-defined confirmatory non-anchor	positive_is_better_than_registered_idw_k12	directional target embryo
6s_E1_to_E2	6-somite	E1	E2	atlas_plus_local_anchor_residual	43.0	0.5629119674364725	0.4963380361405001	2.609671745582719	0.5274632963505616	0.0126232971087414	0.0401330366320831	0.6486491759618124	0.2769115482471866	100.0	0.5315918649236361	0.5919117530186971	441.0	0.3251039385795592	3.0	0.11602244774500536	4.0	0.3251039385795592	4.0	0.40557522301963456	3.0	0.08407042613754195	3.0	0.0001832889227504006	3.0	0.0002951458617930988	4.0	0.10041087865829468	3.4285714285714284	frozen source-defined confirmatory non-anchor	positive_is_better_than_registered_idw_k12	directional target embryo
6s_E1_to_E2	6-somite	E1	E2	anchor_only_calibrated	43.0	0.594792902469635	0.5131868321270735	2.7726309448241	0.5421104807909454	0.0187068440135896	0.0447985568176319	0.5866712331771851	0.124170398786677	100.0	0.5624547600746155	0.6208235397934914	441.0	0.5366631348927816	2.0	0.14790338277816784	1.0	0.5366631348927816	2.0	0.5685344222610156	2.0	0.09871761057792577	6.0	-0.005900257982097798	6.0	-0.004370374323755706	1.0	0.162388821442922	2.857142857142857	frozen source-defined confirmatory non-anchor	positive_is_better_than_registered_idw_k12	directional target embryo
6s_E1_to_E2	6-somite	E1	E2	hyperspatial_map_calibrated_fusion	43.0	0.6208569407463074	0.5253599363088948	2.8620388788873403	0.5626885390025395	0.0118181277424988	0.03858839444646	0.6181702613830566	0.2621774514998337	100.0	0.5919723903139432	0.6438247039914131	441.0	0.5311692953109741	1.0	0.1739674210548402	2.0	0.5311692953109741	1.0	0.6579423563242557	1.0	0.11929566878951986	1.0	0.0009884582889930008	2.0	0.0018397880474161979	2.0	0.1308897932370504	1.4285714285714286	frozen source-defined confirmatory non-anchor	positive_is_better_than_registered_idw_k12	directional target embryo
6s_E2_to_E1	6-somite	E2	E1	registered_nearest_neighbor	43.0	0.3443219065666199	0.3048443847643133	1.8210097217772008	0.412137422720882	0.0191150333335171	0.0437006480724432	0.8985331455866495	0.0476244424198472	100.0	0.315400435278813	0.3783745765686035	414.0	-0.0902377068996428	6.0	-0.0990979373455047	6.0	-0.0902377068996428	6.0	-0.29244594552110037	6.0	-0.04113863216396629	5.0	0.00040817661852770096	6.0	-0.0015141780881470987	6.0	-0.13275321324666334	5.857142857142857	frozen source-defined confirmatory non-anchor	positive_is_better_than_registered_idw_k12	directional target embryo
6s_E2_to_E1	6-somite	E2	E1	registered_idw_k12	43.0	0.4434198439121246	0.387829542320915	2.113455667298301	0.4532760548848483	0.0195232099520448	0.0421864699842961	0.7657799323399862	0.3086401724111252	100.0	0.4138949659963448	0.4680033373335996	414.0	0.0	5.0	0.0	5.0	0.0	5.0	0.0	5.0	0.0	6.0	0.0	4.0	0.0	5.0	0.0	5.0	frozen source-defined confirmatory non-anchor	positive_is_better_than_registered_idw_k12	directional target embryo
6s_E2_to_E1	6-somite	E2	E1	atlas_plus_global_anchor_residual	43.0	0.5534189542134603	0.5008084717620166	2.524020914076357	0.5134492776740478	0.0149788087660737	0.0386003695136412	0.6596857110659281	0.2386307086332088	100.0	0.5039990186691284	0.5811050718029339	414.0	0.3352099657058716	3.0	0.10999911030133575	3.0	0.3352099657058716	3.0	0.41056524677805584	3.0	0.06017322278919951	2.0	0.0045444011859711	1.0	0.003586100470654899	3.0	0.1060942212740581	2.5714285714285716	frozen source-defined confirmatory non-anchor	positive_is_better_than_registered_idw_k12	directional target embryo
6s_E2_to_E1	6-somite	E2	E1	atlas_plus_local_anchor_residual	43.0	0.5479273200035095	0.489578913081703	2.460431066475879	0.5102944564518483	0.0175476581985755	0.0416639627827246	0.676970362663269	0.2729875039666922	100.0	0.4854733347892761	0.5721013362209002	414.0	0.3163378238677978	4.0	0.10450747609138494	4.0	0.3163378238677978	4.0	0.3469753991775777	4.0	0.057018401567000054	4.0	0.0019755517534693	3.0	0.000522507201571501	4.0	0.08880956967671716	3.857142857142857	frozen source-defined confirmatory non-anchor	positive_is_better_than_registered_idw_k12	directional target embryo
6s_E2_to_E1	6-somite	E2	E1	anchor_only_calibrated	43.0	0.5765857696533203	0.5235979168021895	2.6162629798629387	0.5271441254667191	0.014674989241859	0.0431521341143085	0.6097576022148132	0.1280323363914302	100.0	0.5404031058152516	0.6171919107437134	414.0	0.514342466990153	2.0	0.13316592574119573	1.0	0.514342466990153	1.0	0.5028073125646375	2.0	0.07386807058187078	1.0	0.004848220710185801	5.0	-0.0009656641300124016	1.0	0.15602233012517297	1.8571428571428572	frozen source-defined confirmatory non-anchor	positive_is_better_than_registered_idw_k12	directional target embryo
6s_E2_to_E1	6-somite	E2	E1	hyperspatial_map_calibrated_fusion	43.0	0.5788195331891378	0.5148773274603915	2.610849757723298	0.5300805380568825	0.0156891454207954	0.0401463954122713	0.6590457359949747	0.2589757214231927	100.0	0.5220633720358213	0.6186697701613108	414.0	0.48702401916186	1.0	0.13539968927701324	2.0	0.48702401916186	2.0	0.4973940904249967	1.0	0.0768044831720342	3.0	0.0038340645312494002	2.0	0.0020400745720247984	2.0	0.10673419634501147	1.8571428571428572	frozen source-defined confirmatory non-anchor	positive_is_better_than_registered_idw_k12	directional target embryo
