biopsy	array	fibrosis_stage	program	predeclared_genes	available_hidden_genes	n_available	spatial_residual_pearson	measured_mean_residual	predicted_mean_residual
VLP115_A_C1	VLP115_A	F1	lipid_metabolic_reprogramming	ACACA;FASN;SCD;DGAT2;PNPLA3;PLIN2;CD36;CPT1A;PPARA;APOB;MTTP	ACACA;FASN;SCD;DGAT2;PLIN2;CD36;CPT1A;PPARA;MTTP	9	0.6896071967086174	-0.18226848542690277	-0.16369380056858063
VLP115_A_C1	VLP115_A	F1	steatosis_associated	PLIN2;CIDEC;CIDEA;SCD;FABP1;CD36;DGAT2	PLIN2;SCD;CD36;DGAT2	4	0.7507460747714564	-0.37207260727882385	-0.32919666171073914
VLP115_A_C1	VLP115_A	F1	inflammation	CCL2;CXCL8;IL1B;TNF;NFKBIA;S100A8;S100A9;LYZ;CD74	CCL2;NFKBIA;S100A9;LYZ	4	0.4359125038193743	0.19529873132705688	-0.021288245916366577
VLP115_A_C1	VLP115_A	F1	extracellular_matrix_fibrosis	COL1A1;COL1A2;COL3A1;DCN;LUM;TIMP1;MMP2;SPP1;CXCL12;ACTA2;TAGLN	COL1A1;COL1A2;COL3A1;DCN;LUM;TIMP1;MMP2;CXCL12;ACTA2;TAGLN	10	0.8063398914495891	0.1600501984357834	0.06982231885194778
VLP115_A_C1	VLP115_A	F1	hepatocyte_zonation	CYP2E1;CYP3A4;GLUL;AXIN2;HAL;CPS1;ASS1;PCK1;G6PC;TAT	CYP3A4;GLUL;HAL;CPS1;ASS1;PCK1;G6PC;TAT	8	0.8021963292374199	-0.7303119897842407	-0.49790793657302856
VLP115_A_C2	VLP115_A	F1	lipid_metabolic_reprogramming	ACACA;FASN;SCD;DGAT2;PNPLA3;PLIN2;CD36;CPT1A;PPARA;APOB;MTTP	ACACA;FASN;SCD;DGAT2;PLIN2;CD36;CPT1A;PPARA;MTTP	9	0.4434897894700796	-0.13038213551044464	-0.13783763349056244
VLP115_A_C2	VLP115_A	F1	steatosis_associated	PLIN2;CIDEC;CIDEA;SCD;FABP1;CD36;DGAT2	PLIN2;SCD;CD36;DGAT2	4	0.5481922953668649	-0.3279144763946533	-0.2798553705215454
VLP115_A_C2	VLP115_A	F1	inflammation	CCL2;CXCL8;IL1B;TNF;NFKBIA;S100A8;S100A9;LYZ;CD74	CCL2;NFKBIA;S100A9;LYZ	4	0.5583594698716486	0.006207720376551151	-0.07936979830265045
VLP115_A_C2	VLP115_A	F1	extracellular_matrix_fibrosis	COL1A1;COL1A2;COL3A1;DCN;LUM;TIMP1;MMP2;SPP1;CXCL12;ACTA2;TAGLN	COL1A1;COL1A2;COL3A1;DCN;LUM;TIMP1;MMP2;CXCL12;ACTA2;TAGLN	10	0.7649952545835036	-0.08608326315879822	-0.04856743663549423
VLP115_A_C2	VLP115_A	F1	hepatocyte_zonation	CYP2E1;CYP3A4;GLUL;AXIN2;HAL;CPS1;ASS1;PCK1;G6PC;TAT	CYP3A4;GLUL;HAL;CPS1;ASS1;PCK1;G6PC;TAT	8	0.5777537777565288	-0.7779169082641602	-0.4579397141933441
VLP115_A_C3	VLP115_A	F1	lipid_metabolic_reprogramming	ACACA;FASN;SCD;DGAT2;PNPLA3;PLIN2;CD36;CPT1A;PPARA;APOB;MTTP	ACACA;FASN;SCD;DGAT2;PLIN2;CD36;CPT1A;PPARA;MTTP	9	0.3682600367597548	-0.12045833468437195	-0.13473708927631378
VLP115_A_C3	VLP115_A	F1	steatosis_associated	PLIN2;CIDEC;CIDEA;SCD;FABP1;CD36;DGAT2	PLIN2;SCD;CD36;DGAT2	4	0.5255364969487241	-0.32079607248306274	-0.2752314805984497
VLP115_A_C3	VLP115_A	F1	inflammation	CCL2;CXCL8;IL1B;TNF;NFKBIA;S100A8;S100A9;LYZ;CD74	CCL2;NFKBIA;S100A9;LYZ	4	0.4052175411889301	0.029947977513074875	-0.08015436679124832
VLP115_A_C3	VLP115_A	F1	extracellular_matrix_fibrosis	COL1A1;COL1A2;COL3A1;DCN;LUM;TIMP1;MMP2;SPP1;CXCL12;ACTA2;TAGLN	COL1A1;COL1A2;COL3A1;DCN;LUM;TIMP1;MMP2;CXCL12;ACTA2;TAGLN	10	0.6894147632070708	-0.08227389305830002	-0.0684991255402565
VLP115_A_C3	VLP115_A	F1	hepatocyte_zonation	CYP2E1;CYP3A4;GLUL;AXIN2;HAL;CPS1;ASS1;PCK1;G6PC;TAT	CYP3A4;GLUL;HAL;CPS1;ASS1;PCK1;G6PC;TAT	8	0.5442709095822463	-0.7580655217170715	-0.4506632685661316
VLP115_A_C4	VLP115_A	F3b	lipid_metabolic_reprogramming	ACACA;FASN;SCD;DGAT2;PNPLA3;PLIN2;CD36;CPT1A;PPARA;APOB;MTTP	ACACA;FASN;SCD;DGAT2;PLIN2;CD36;CPT1A;PPARA;MTTP	9	0.4541388285572039	0.06947886198759079	-0.12755928933620453
VLP115_A_C4	VLP115_A	F3b	steatosis_associated	PLIN2;CIDEC;CIDEA;SCD;FABP1;CD36;DGAT2	PLIN2;SCD;CD36;DGAT2	4	0.5836849154201527	-0.07262378185987473	-0.2622936964035034
VLP115_A_C4	VLP115_A	F3b	inflammation	CCL2;CXCL8;IL1B;TNF;NFKBIA;S100A8;S100A9;LYZ;CD74	CCL2;NFKBIA;S100A9;LYZ	4	0.6817573526470158	-0.05319464951753616	-0.08373888581991196
VLP115_A_C4	VLP115_A	F3b	extracellular_matrix_fibrosis	COL1A1;COL1A2;COL3A1;DCN;LUM;TIMP1;MMP2;SPP1;CXCL12;ACTA2;TAGLN	COL1A1;COL1A2;COL3A1;DCN;LUM;TIMP1;MMP2;CXCL12;ACTA2;TAGLN	10	0.8905260770014162	-0.06095423176884651	-0.0677679106593132
VLP115_A_C4	VLP115_A	F3b	hepatocyte_zonation	CYP2E1;CYP3A4;GLUL;AXIN2;HAL;CPS1;ASS1;PCK1;G6PC;TAT	CYP3A4;GLUL;HAL;CPS1;ASS1;PCK1;G6PC;TAT	8	0.6563281801421873	-0.6862974762916565	-0.44870027899742126
VLP116_D_C1	VLP116_D	F0	lipid_metabolic_reprogramming	ACACA;FASN;SCD;DGAT2;PNPLA3;PLIN2;CD36;CPT1A;PPARA;APOB;MTTP	ACACA;FASN;SCD;DGAT2;PLIN2;CD36;CPT1A;PPARA;MTTP	9	0.6034708227637582	-0.0496964156627655	-0.15066953003406525
VLP116_D_C1	VLP116_D	F0	steatosis_associated	PLIN2;CIDEC;CIDEA;SCD;FABP1;CD36;DGAT2	PLIN2;SCD;CD36;DGAT2	4	0.7222804445749302	-0.24320068955421448	-0.2980026304721832
VLP116_D_C1	VLP116_D	F0	inflammation	CCL2;CXCL8;IL1B;TNF;NFKBIA;S100A8;S100A9;LYZ;CD74	CCL2;NFKBIA;S100A9;LYZ	4	0.5521372058439763	0.15830710530281067	-0.012606310658156872
VLP116_D_C1	VLP116_D	F0	extracellular_matrix_fibrosis	COL1A1;COL1A2;COL3A1;DCN;LUM;TIMP1;MMP2;SPP1;CXCL12;ACTA2;TAGLN	COL1A1;COL1A2;COL3A1;DCN;LUM;TIMP1;MMP2;CXCL12;ACTA2;TAGLN	10	0.8739925158961342	0.4074043035507202	0.13364838063716888
VLP116_D_C1	VLP116_D	F0	hepatocyte_zonation	CYP2E1;CYP3A4;GLUL;AXIN2;HAL;CPS1;ASS1;PCK1;G6PC;TAT	CYP3A4;GLUL;HAL;CPS1;ASS1;PCK1;G6PC;TAT	8	0.7442061674353925	-0.5771458148956299	-0.5270765423774719
VLP116_D_C2	VLP116_D	F3a	lipid_metabolic_reprogramming	ACACA;FASN;SCD;DGAT2;PNPLA3;PLIN2;CD36;CPT1A;PPARA;APOB;MTTP	ACACA;FASN;SCD;DGAT2;PLIN2;CD36;CPT1A;PPARA;MTTP	9	0.4725229134168954	0.3575609028339386	-0.09042873233556747
VLP116_D_C2	VLP116_D	F3a	steatosis_associated	PLIN2;CIDEC;CIDEA;SCD;FABP1;CD36;DGAT2	PLIN2;SCD;CD36;DGAT2	4	0.5987416703665559	0.2389131337404251	-0.16937105357646942
VLP116_D_C2	VLP116_D	F3a	inflammation	CCL2;CXCL8;IL1B;TNF;NFKBIA;S100A8;S100A9;LYZ;CD74	CCL2;NFKBIA;S100A9;LYZ	4	0.5781401884058911	0.14598655700683594	-0.005498226266354322
VLP116_D_C2	VLP116_D	F3a	extracellular_matrix_fibrosis	COL1A1;COL1A2;COL3A1;DCN;LUM;TIMP1;MMP2;SPP1;CXCL12;ACTA2;TAGLN	COL1A1;COL1A2;COL3A1;DCN;LUM;TIMP1;MMP2;CXCL12;ACTA2;TAGLN	10	0.7579419109689195	0.2601758539676666	0.06926903128623962
VLP116_D_C2	VLP116_D	F3a	hepatocyte_zonation	CYP2E1;CYP3A4;GLUL;AXIN2;HAL;CPS1;ASS1;PCK1;G6PC;TAT	CYP3A4;GLUL;HAL;CPS1;ASS1;PCK1;G6PC;TAT	8	0.7136759080297678	-0.3115865886211395	-0.4016193747520447
VLP116_D_C3	VLP116_D	F4	lipid_metabolic_reprogramming	ACACA;FASN;SCD;DGAT2;PNPLA3;PLIN2;CD36;CPT1A;PPARA;APOB;MTTP	ACACA;FASN;SCD;DGAT2;PLIN2;CD36;CPT1A;PPARA;MTTP	9	0.6135481714136866	0.20553924143314362	-0.1879645437002182
VLP116_D_C3	VLP116_D	F4	steatosis_associated	PLIN2;CIDEC;CIDEA;SCD;FABP1;CD36;DGAT2	PLIN2;SCD;CD36;DGAT2	4	0.7156417508986933	0.0863683819770813	-0.3643648624420166
VLP116_D_C3	VLP116_D	F4	inflammation	CCL2;CXCL8;IL1B;TNF;NFKBIA;S100A8;S100A9;LYZ;CD74	CCL2;NFKBIA;S100A9;LYZ	4	0.5818526632076972	0.18788741528987885	0.018482282757759094
VLP116_D_C3	VLP116_D	F4	extracellular_matrix_fibrosis	COL1A1;COL1A2;COL3A1;DCN;LUM;TIMP1;MMP2;SPP1;CXCL12;ACTA2;TAGLN	COL1A1;COL1A2;COL3A1;DCN;LUM;TIMP1;MMP2;CXCL12;ACTA2;TAGLN	10	0.7728108535167284	0.609685480594635	0.22968608140945435
VLP116_D_C3	VLP116_D	F4	hepatocyte_zonation	CYP2E1;CYP3A4;GLUL;AXIN2;HAL;CPS1;ASS1;PCK1;G6PC;TAT	CYP3A4;GLUL;HAL;CPS1;ASS1;PCK1;G6PC;TAT	8	0.7500770143789792	-0.6892053484916687	-0.6137956380844116
VLP116_D_C4	VLP116_D	F3b	lipid_metabolic_reprogramming	ACACA;FASN;SCD;DGAT2;PNPLA3;PLIN2;CD36;CPT1A;PPARA;APOB;MTTP	ACACA;FASN;SCD;DGAT2;PLIN2;CD36;CPT1A;PPARA;MTTP	9	0.4056783059991352	0.22594402730464935	-0.11645077168941498
VLP116_D_C4	VLP116_D	F3b	steatosis_associated	PLIN2;CIDEC;CIDEA;SCD;FABP1;CD36;DGAT2	PLIN2;SCD;CD36;DGAT2	4	0.5207618189752377	0.18378916382789612	-0.22904624044895172
VLP116_D_C4	VLP116_D	F3b	inflammation	CCL2;CXCL8;IL1B;TNF;NFKBIA;S100A8;S100A9;LYZ;CD74	CCL2;NFKBIA;S100A9;LYZ	4	0.5349873868841271	-0.031378597021102905	-0.07913057506084442
VLP116_D_C4	VLP116_D	F3b	extracellular_matrix_fibrosis	COL1A1;COL1A2;COL3A1;DCN;LUM;TIMP1;MMP2;SPP1;CXCL12;ACTA2;TAGLN	COL1A1;COL1A2;COL3A1;DCN;LUM;TIMP1;MMP2;CXCL12;ACTA2;TAGLN	10	0.7368088555084029	-0.08433271199464798	-0.06611910462379456
VLP116_D_C4	VLP116_D	F3b	hepatocyte_zonation	CYP2E1;CYP3A4;GLUL;AXIN2;HAL;CPS1;ASS1;PCK1;G6PC;TAT	CYP3A4;GLUL;HAL;CPS1;ASS1;PCK1;G6PC;TAT	8	0.5875849192633942	-0.5765265822410583	-0.41432690620422363
VLP119_A_C1	VLP119_A	F1	lipid_metabolic_reprogramming	ACACA;FASN;SCD;DGAT2;PNPLA3;PLIN2;CD36;CPT1A;PPARA;APOB;MTTP	ACACA;FASN;SCD;DGAT2;PLIN2;CD36;CPT1A;PPARA;MTTP	9	0.6219010960204165	0.1790914237499237	-0.0611841045320034
VLP119_A_C1	VLP119_A	F1	steatosis_associated	PLIN2;CIDEC;CIDEA;SCD;FABP1;CD36;DGAT2	PLIN2;SCD;CD36;DGAT2	4	0.6810830245918366	0.06802085787057877	-0.1257713884115219
VLP119_A_C1	VLP119_A	F1	inflammation	CCL2;CXCL8;IL1B;TNF;NFKBIA;S100A8;S100A9;LYZ;CD74	CCL2;NFKBIA;S100A9;LYZ	4	0.44930309543247293	-0.006218896247446537	-0.05722889304161072
VLP119_A_C1	VLP119_A	F1	extracellular_matrix_fibrosis	COL1A1;COL1A2;COL3A1;DCN;LUM;TIMP1;MMP2;SPP1;CXCL12;ACTA2;TAGLN	COL1A1;COL1A2;COL3A1;DCN;LUM;TIMP1;MMP2;CXCL12;ACTA2;TAGLN	10	0.8207942893548563	-0.1033240333199501	-0.07255789637565613
VLP119_A_C1	VLP119_A	F1	hepatocyte_zonation	CYP2E1;CYP3A4;GLUL;AXIN2;HAL;CPS1;ASS1;PCK1;G6PC;TAT	CYP3A4;GLUL;HAL;CPS1;ASS1;PCK1;G6PC;TAT	8	0.7252972770734379	-0.457916259765625	-0.3302500247955322
VLP119_A_C2	VLP119_A	F3b	lipid_metabolic_reprogramming	ACACA;FASN;SCD;DGAT2;PNPLA3;PLIN2;CD36;CPT1A;PPARA;APOB;MTTP	ACACA;FASN;SCD;DGAT2;PLIN2;CD36;CPT1A;PPARA;MTTP	9	0.5203649611883682	0.02764977142214775	-0.13599690794944763
VLP119_A_C2	VLP119_A	F3b	steatosis_associated	PLIN2;CIDEC;CIDEA;SCD;FABP1;CD36;DGAT2	PLIN2;SCD;CD36;DGAT2	4	0.6859140775212613	-0.19898554682731628	-0.2730633318424225
VLP119_A_C2	VLP119_A	F3b	inflammation	CCL2;CXCL8;IL1B;TNF;NFKBIA;S100A8;S100A9;LYZ;CD74	CCL2;NFKBIA;S100A9;LYZ	4	0.5526078265078778	0.08319137245416641	-0.046733055263757706
VLP119_A_C2	VLP119_A	F3b	extracellular_matrix_fibrosis	COL1A1;COL1A2;COL3A1;DCN;LUM;TIMP1;MMP2;SPP1;CXCL12;ACTA2;TAGLN	COL1A1;COL1A2;COL3A1;DCN;LUM;TIMP1;MMP2;CXCL12;ACTA2;TAGLN	10	0.7977676522627263	0.26724308729171753	0.04238022863864899
VLP119_A_C2	VLP119_A	F3b	hepatocyte_zonation	CYP2E1;CYP3A4;GLUL;AXIN2;HAL;CPS1;ASS1;PCK1;G6PC;TAT	CYP3A4;GLUL;HAL;CPS1;ASS1;PCK1;G6PC;TAT	8	0.6845743619364612	-0.6211975812911987	-0.44281086325645447
VLP119_A_C3	VLP119_A	F2	lipid_metabolic_reprogramming	ACACA;FASN;SCD;DGAT2;PNPLA3;PLIN2;CD36;CPT1A;PPARA;APOB;MTTP	ACACA;FASN;SCD;DGAT2;PLIN2;CD36;CPT1A;PPARA;MTTP	9	0.6441311886801806	0.10921419411897659	-0.09857381880283356
VLP119_A_C3	VLP119_A	F2	steatosis_associated	PLIN2;CIDEC;CIDEA;SCD;FABP1;CD36;DGAT2	PLIN2;SCD;CD36;DGAT2	4	0.7626649030235108	-0.10328434407711029	-0.20668795704841614
VLP119_A_C3	VLP119_A	F2	inflammation	CCL2;CXCL8;IL1B;TNF;NFKBIA;S100A8;S100A9;LYZ;CD74	CCL2;NFKBIA;S100A9;LYZ	4	0.5285415766735228	0.016452480107545853	-0.057809554040431976
VLP119_A_C3	VLP119_A	F2	extracellular_matrix_fibrosis	COL1A1;COL1A2;COL3A1;DCN;LUM;TIMP1;MMP2;SPP1;CXCL12;ACTA2;TAGLN	COL1A1;COL1A2;COL3A1;DCN;LUM;TIMP1;MMP2;CXCL12;ACTA2;TAGLN	10	0.7175627388348585	0.02823738008737564	-0.0013900051126256585
VLP119_A_C3	VLP119_A	F2	hepatocyte_zonation	CYP2E1;CYP3A4;GLUL;AXIN2;HAL;CPS1;ASS1;PCK1;G6PC;TAT	CYP3A4;GLUL;HAL;CPS1;ASS1;PCK1;G6PC;TAT	8	0.8068194421029863	-0.43054381012916565	-0.32558560371398926
VLP119_A_C4	VLP119_A	F1	lipid_metabolic_reprogramming	ACACA;FASN;SCD;DGAT2;PNPLA3;PLIN2;CD36;CPT1A;PPARA;APOB;MTTP	ACACA;FASN;SCD;DGAT2;PLIN2;CD36;CPT1A;PPARA;MTTP	9	0.29474083896028147	0.03701421618461609	-0.08869288861751556
VLP119_A_C4	VLP119_A	F1	steatosis_associated	PLIN2;CIDEC;CIDEA;SCD;FABP1;CD36;DGAT2	PLIN2;SCD;CD36;DGAT2	4	0.5679744482656643	-0.1377178430557251	-0.1871272176504135
VLP119_A_C4	VLP119_A	F1	inflammation	CCL2;CXCL8;IL1B;TNF;NFKBIA;S100A8;S100A9;LYZ;CD74	CCL2;NFKBIA;S100A9;LYZ	4	0.5002185880625148	-0.01544676348567009	-0.08110155910253525
VLP119_A_C4	VLP119_A	F1	extracellular_matrix_fibrosis	COL1A1;COL1A2;COL3A1;DCN;LUM;TIMP1;MMP2;SPP1;CXCL12;ACTA2;TAGLN	COL1A1;COL1A2;COL3A1;DCN;LUM;TIMP1;MMP2;CXCL12;ACTA2;TAGLN	10	0.7506063416089602	-0.0009204964735545218	-0.026045890524983406
VLP119_A_C4	VLP119_A	F1	hepatocyte_zonation	CYP2E1;CYP3A4;GLUL;AXIN2;HAL;CPS1;ASS1;PCK1;G6PC;TAT	CYP3A4;GLUL;HAL;CPS1;ASS1;PCK1;G6PC;TAT	8	0.719242994377244	-0.6916912198066711	-0.3869551420211792
VLP119_A_C5	VLP119_A	F1	lipid_metabolic_reprogramming	ACACA;FASN;SCD;DGAT2;PNPLA3;PLIN2;CD36;CPT1A;PPARA;APOB;MTTP	ACACA;FASN;SCD;DGAT2;PLIN2;CD36;CPT1A;PPARA;MTTP	9	0.4516806596624596	0.1716037094593048	-0.09745881706476212
VLP119_A_C5	VLP119_A	F1	steatosis_associated	PLIN2;CIDEC;CIDEA;SCD;FABP1;CD36;DGAT2	PLIN2;SCD;CD36;DGAT2	4	0.6031166395451018	0.07772047072649002	-0.19089041650295258
VLP119_A_C5	VLP119_A	F1	inflammation	CCL2;CXCL8;IL1B;TNF;NFKBIA;S100A8;S100A9;LYZ;CD74	CCL2;NFKBIA;S100A9;LYZ	4	0.5796476321554578	0.032492607831954956	-0.06843460351228714
VLP119_A_C5	VLP119_A	F1	extracellular_matrix_fibrosis	COL1A1;COL1A2;COL3A1;DCN;LUM;TIMP1;MMP2;SPP1;CXCL12;ACTA2;TAGLN	COL1A1;COL1A2;COL3A1;DCN;LUM;TIMP1;MMP2;CXCL12;ACTA2;TAGLN	10	0.7046074885129142	0.032738927751779556	-0.029579753056168556
VLP119_A_C5	VLP119_A	F1	hepatocyte_zonation	CYP2E1;CYP3A4;GLUL;AXIN2;HAL;CPS1;ASS1;PCK1;G6PC;TAT	CYP3A4;GLUL;HAL;CPS1;ASS1;PCK1;G6PC;TAT	8	0.6542695071082858	-0.3110686242580414	-0.3427749574184418
VLP119_D_C1	VLP119_D	F1	lipid_metabolic_reprogramming	ACACA;FASN;SCD;DGAT2;PNPLA3;PLIN2;CD36;CPT1A;PPARA;APOB;MTTP	ACACA;FASN;SCD;DGAT2;PLIN2;CD36;CPT1A;PPARA;MTTP	9	0.7620148179489438	0.25986447930336	-0.1272500604391098
VLP119_D_C1	VLP119_D	F1	steatosis_associated	PLIN2;CIDEC;CIDEA;SCD;FABP1;CD36;DGAT2	PLIN2;SCD;CD36;DGAT2	4	0.8638485737467414	0.02071133255958557	-0.252844899892807
VLP119_D_C1	VLP119_D	F1	inflammation	CCL2;CXCL8;IL1B;TNF;NFKBIA;S100A8;S100A9;LYZ;CD74	CCL2;NFKBIA;S100A9;LYZ	4	0.4190081847325353	0.09930448234081268	0.013001443818211555
VLP119_D_C1	VLP119_D	F1	extracellular_matrix_fibrosis	COL1A1;COL1A2;COL3A1;DCN;LUM;TIMP1;MMP2;SPP1;CXCL12;ACTA2;TAGLN	COL1A1;COL1A2;COL3A1;DCN;LUM;TIMP1;MMP2;CXCL12;ACTA2;TAGLN	10	0.7597404110064361	0.6579650044441223	0.19578973948955536
VLP119_D_C1	VLP119_D	F1	hepatocyte_zonation	CYP2E1;CYP3A4;GLUL;AXIN2;HAL;CPS1;ASS1;PCK1;G6PC;TAT	CYP3A4;GLUL;HAL;CPS1;ASS1;PCK1;G6PC;TAT	8	0.8029644871148558	-0.5829153060913086	-0.5140066146850586
VLP119_D_C2	VLP119_D	F1	lipid_metabolic_reprogramming	ACACA;FASN;SCD;DGAT2;PNPLA3;PLIN2;CD36;CPT1A;PPARA;APOB;MTTP	ACACA;FASN;SCD;DGAT2;PLIN2;CD36;CPT1A;PPARA;MTTP	9	0.5530498446527581	-0.08439502120018005	-0.10147316753864288
VLP119_D_C2	VLP119_D	F1	steatosis_associated	PLIN2;CIDEC;CIDEA;SCD;FABP1;CD36;DGAT2	PLIN2;SCD;CD36;DGAT2	4	0.6126589056808532	-0.42848002910614014	-0.20807866752147675
VLP119_D_C2	VLP119_D	F1	inflammation	CCL2;CXCL8;IL1B;TNF;NFKBIA;S100A8;S100A9;LYZ;CD74	CCL2;NFKBIA;S100A9;LYZ	4	0.49328869136525755	0.00432698056101799	-0.06726698577404022
VLP119_D_C2	VLP119_D	F1	extracellular_matrix_fibrosis	COL1A1;COL1A2;COL3A1;DCN;LUM;TIMP1;MMP2;SPP1;CXCL12;ACTA2;TAGLN	COL1A1;COL1A2;COL3A1;DCN;LUM;TIMP1;MMP2;CXCL12;ACTA2;TAGLN	10	0.7847275085739909	-0.03603444993495941	-0.06085100769996643
VLP119_D_C2	VLP119_D	F1	hepatocyte_zonation	CYP2E1;CYP3A4;GLUL;AXIN2;HAL;CPS1;ASS1;PCK1;G6PC;TAT	CYP3A4;GLUL;HAL;CPS1;ASS1;PCK1;G6PC;TAT	8	0.6646790126453217	-0.18622873723506927	-0.309522420167923
VLP119_D_C3	VLP119_D	F1	lipid_metabolic_reprogramming	ACACA;FASN;SCD;DGAT2;PNPLA3;PLIN2;CD36;CPT1A;PPARA;APOB;MTTP	ACACA;FASN;SCD;DGAT2;PLIN2;CD36;CPT1A;PPARA;MTTP	9	0.5510486969198424	0.2845030128955841	-0.08754999935626984
VLP119_D_C3	VLP119_D	F1	steatosis_associated	PLIN2;CIDEC;CIDEA;SCD;FABP1;CD36;DGAT2	PLIN2;SCD;CD36;DGAT2	4	0.616369076090495	0.12244962900876999	-0.1635984480381012
VLP119_D_C3	VLP119_D	F1	inflammation	CCL2;CXCL8;IL1B;TNF;NFKBIA;S100A8;S100A9;LYZ;CD74	CCL2;NFKBIA;S100A9;LYZ	4	0.4480225367507476	0.05327073857188225	-0.0407206267118454
VLP119_D_C3	VLP119_D	F1	extracellular_matrix_fibrosis	COL1A1;COL1A2;COL3A1;DCN;LUM;TIMP1;MMP2;SPP1;CXCL12;ACTA2;TAGLN	COL1A1;COL1A2;COL3A1;DCN;LUM;TIMP1;MMP2;CXCL12;ACTA2;TAGLN	10	0.5896885608720194	0.008653541095554829	0.0034924515057355165
VLP119_D_C3	VLP119_D	F1	hepatocyte_zonation	CYP2E1;CYP3A4;GLUL;AXIN2;HAL;CPS1;ASS1;PCK1;G6PC;TAT	CYP3A4;GLUL;HAL;CPS1;ASS1;PCK1;G6PC;TAT	8	0.5897636268812569	-0.16695667803287506	-0.33587393164634705
VLP119_D_C4	VLP119_D	F4	lipid_metabolic_reprogramming	ACACA;FASN;SCD;DGAT2;PNPLA3;PLIN2;CD36;CPT1A;PPARA;APOB;MTTP	ACACA;FASN;SCD;DGAT2;PLIN2;CD36;CPT1A;PPARA;MTTP	9	0.3991990759317382	0.26772746443748474	-0.13965260982513428
VLP119_D_C4	VLP119_D	F4	steatosis_associated	PLIN2;CIDEC;CIDEA;SCD;FABP1;CD36;DGAT2	PLIN2;SCD;CD36;DGAT2	4	0.4334253805515527	0.09725598990917206	-0.27025261521339417
VLP119_D_C4	VLP119_D	F4	inflammation	CCL2;CXCL8;IL1B;TNF;NFKBIA;S100A8;S100A9;LYZ;CD74	CCL2;NFKBIA;S100A9;LYZ	4	0.4579465016981814	0.11938336491584778	-0.06172453984618187
VLP119_D_C4	VLP119_D	F4	extracellular_matrix_fibrosis	COL1A1;COL1A2;COL3A1;DCN;LUM;TIMP1;MMP2;SPP1;CXCL12;ACTA2;TAGLN	COL1A1;COL1A2;COL3A1;DCN;LUM;TIMP1;MMP2;CXCL12;ACTA2;TAGLN	10	0.6283796058111614	0.23301467299461365	0.05692640319466591
VLP119_D_C4	VLP119_D	F4	hepatocyte_zonation	CYP2E1;CYP3A4;GLUL;AXIN2;HAL;CPS1;ASS1;PCK1;G6PC;TAT	CYP3A4;GLUL;HAL;CPS1;ASS1;PCK1;G6PC;TAT	8	0.5978049364231103	-0.6514770984649658	-0.4467816948890686
VLP120_A_C1	VLP120_A	F0	lipid_metabolic_reprogramming	ACACA;FASN;SCD;DGAT2;PNPLA3;PLIN2;CD36;CPT1A;PPARA;APOB;MTTP	ACACA;FASN;SCD;DGAT2;PLIN2;CD36;CPT1A;PPARA;MTTP	9	0.643636559919362	0.29271239042282104	-0.05880596488714218
VLP120_A_C1	VLP120_A	F0	steatosis_associated	PLIN2;CIDEC;CIDEA;SCD;FABP1;CD36;DGAT2	PLIN2;SCD;CD36;DGAT2	4	0.7974026261542804	0.09531164914369583	-0.11696751415729523
VLP120_A_C1	VLP120_A	F0	inflammation	CCL2;CXCL8;IL1B;TNF;NFKBIA;S100A8;S100A9;LYZ;CD74	CCL2;NFKBIA;S100A9;LYZ	4	0.7182444618250639	0.0650482177734375	-0.05649079382419586
VLP120_A_C1	VLP120_A	F0	extracellular_matrix_fibrosis	COL1A1;COL1A2;COL3A1;DCN;LUM;TIMP1;MMP2;SPP1;CXCL12;ACTA2;TAGLN	COL1A1;COL1A2;COL3A1;DCN;LUM;TIMP1;MMP2;CXCL12;ACTA2;TAGLN	10	0.7197471431270039	0.04390835016965866	-0.04167350381612778
VLP120_A_C1	VLP120_A	F0	hepatocyte_zonation	CYP2E1;CYP3A4;GLUL;AXIN2;HAL;CPS1;ASS1;PCK1;G6PC;TAT	CYP3A4;GLUL;HAL;CPS1;ASS1;PCK1;G6PC;TAT	8	0.7716597986526558	-0.3928115665912628	-0.38445550203323364
VLP120_A_C2	VLP120_A	F0	lipid_metabolic_reprogramming	ACACA;FASN;SCD;DGAT2;PNPLA3;PLIN2;CD36;CPT1A;PPARA;APOB;MTTP	ACACA;FASN;SCD;DGAT2;PLIN2;CD36;CPT1A;PPARA;MTTP	9	0.6326947998962333	0.19788168370723724	-0.08300561457872391
VLP120_A_C2	VLP120_A	F0	steatosis_associated	PLIN2;CIDEC;CIDEA;SCD;FABP1;CD36;DGAT2	PLIN2;SCD;CD36;DGAT2	4	0.8098642336775959	0.05039173737168312	-0.1656849980354309
VLP120_A_C2	VLP120_A	F0	inflammation	CCL2;CXCL8;IL1B;TNF;NFKBIA;S100A8;S100A9;LYZ;CD74	CCL2;NFKBIA;S100A9;LYZ	4	0.6370521005249331	0.07634688913822174	-0.04414873942732811
VLP120_A_C2	VLP120_A	F0	extracellular_matrix_fibrosis	COL1A1;COL1A2;COL3A1;DCN;LUM;TIMP1;MMP2;SPP1;CXCL12;ACTA2;TAGLN	COL1A1;COL1A2;COL3A1;DCN;LUM;TIMP1;MMP2;CXCL12;ACTA2;TAGLN	10	0.7624827423904503	0.08215399831533432	0.024365726858377457
VLP120_A_C2	VLP120_A	F0	hepatocyte_zonation	CYP2E1;CYP3A4;GLUL;AXIN2;HAL;CPS1;ASS1;PCK1;G6PC;TAT	CYP3A4;GLUL;HAL;CPS1;ASS1;PCK1;G6PC;TAT	8	0.7383089636267469	-0.26539674401283264	-0.38102632761001587
VLP120_A_C3	VLP120_A	F3a	lipid_metabolic_reprogramming	ACACA;FASN;SCD;DGAT2;PNPLA3;PLIN2;CD36;CPT1A;PPARA;APOB;MTTP	ACACA;FASN;SCD;DGAT2;PLIN2;CD36;CPT1A;PPARA;MTTP	9	0.42399781454656005	0.25083470344543457	-0.12107008695602417
VLP120_A_C3	VLP120_A	F3a	steatosis_associated	PLIN2;CIDEC;CIDEA;SCD;FABP1;CD36;DGAT2	PLIN2;SCD;CD36;DGAT2	4	0.6172614157506814	-0.04816821962594986	-0.24070769548416138
VLP120_A_C3	VLP120_A	F3a	inflammation	CCL2;CXCL8;IL1B;TNF;NFKBIA;S100A8;S100A9;LYZ;CD74	CCL2;NFKBIA;S100A9;LYZ	4	0.5791985981966314	0.023693833500146866	-0.04609112814068794
VLP120_A_C3	VLP120_A	F3a	extracellular_matrix_fibrosis	COL1A1;COL1A2;COL3A1;DCN;LUM;TIMP1;MMP2;SPP1;CXCL12;ACTA2;TAGLN	COL1A1;COL1A2;COL3A1;DCN;LUM;TIMP1;MMP2;CXCL12;ACTA2;TAGLN	10	0.8656598859132069	-0.005165652371942997	-0.04682859033346176
VLP120_A_C3	VLP120_A	F3a	hepatocyte_zonation	CYP2E1;CYP3A4;GLUL;AXIN2;HAL;CPS1;ASS1;PCK1;G6PC;TAT	CYP3A4;GLUL;HAL;CPS1;ASS1;PCK1;G6PC;TAT	8	0.7117242527976807	-0.43766123056411743	-0.36053627729415894
VLP120_A_C4	VLP120_A	F4	lipid_metabolic_reprogramming	ACACA;FASN;SCD;DGAT2;PNPLA3;PLIN2;CD36;CPT1A;PPARA;APOB;MTTP	ACACA;FASN;SCD;DGAT2;PLIN2;CD36;CPT1A;PPARA;MTTP	9	0.5273453133961167	0.14041240513324738	-0.1399914026260376
VLP120_A_C4	VLP120_A	F4	steatosis_associated	PLIN2;CIDEC;CIDEA;SCD;FABP1;CD36;DGAT2	PLIN2;SCD;CD36;DGAT2	4	0.6557301441493407	-0.10711327940225601	-0.27272945642471313
VLP120_A_C4	VLP120_A	F4	inflammation	CCL2;CXCL8;IL1B;TNF;NFKBIA;S100A8;S100A9;LYZ;CD74	CCL2;NFKBIA;S100A9;LYZ	4	0.5881831237306494	0.18477419018745422	-0.0091891223564744
VLP120_A_C4	VLP120_A	F4	extracellular_matrix_fibrosis	COL1A1;COL1A2;COL3A1;DCN;LUM;TIMP1;MMP2;SPP1;CXCL12;ACTA2;TAGLN	COL1A1;COL1A2;COL3A1;DCN;LUM;TIMP1;MMP2;CXCL12;ACTA2;TAGLN	10	0.8411268955635107	0.40703797340393066	0.13516178727149963
VLP120_A_C4	VLP120_A	F4	hepatocyte_zonation	CYP2E1;CYP3A4;GLUL;AXIN2;HAL;CPS1;ASS1;PCK1;G6PC;TAT	CYP3A4;GLUL;HAL;CPS1;ASS1;PCK1;G6PC;TAT	8	0.8292195297132298	-0.5405725836753845	-0.46661579608917236
VLP120_D_C1	VLP120_D	F3b	lipid_metabolic_reprogramming	ACACA;FASN;SCD;DGAT2;PNPLA3;PLIN2;CD36;CPT1A;PPARA;APOB;MTTP	ACACA;FASN;SCD;DGAT2;PLIN2;CD36;CPT1A;PPARA;MTTP	9	0.4299782918636123	0.2464953362941742	-0.08196713030338287
VLP120_D_C1	VLP120_D	F3b	steatosis_associated	PLIN2;CIDEC;CIDEA;SCD;FABP1;CD36;DGAT2	PLIN2;SCD;CD36;DGAT2	4	0.5920571742534895	0.12614203989505768	-0.1591929793357849
VLP120_D_C1	VLP120_D	F3b	inflammation	CCL2;CXCL8;IL1B;TNF;NFKBIA;S100A8;S100A9;LYZ;CD74	CCL2;NFKBIA;S100A9;LYZ	4	0.5214278984148318	0.09939704090356827	-0.03644860163331032
VLP120_D_C1	VLP120_D	F3b	extracellular_matrix_fibrosis	COL1A1;COL1A2;COL3A1;DCN;LUM;TIMP1;MMP2;SPP1;CXCL12;ACTA2;TAGLN	COL1A1;COL1A2;COL3A1;DCN;LUM;TIMP1;MMP2;CXCL12;ACTA2;TAGLN	10	0.685993165995993	0.25067976117134094	0.04306110367178917
VLP120_D_C1	VLP120_D	F3b	hepatocyte_zonation	CYP2E1;CYP3A4;GLUL;AXIN2;HAL;CPS1;ASS1;PCK1;G6PC;TAT	CYP3A4;GLUL;HAL;CPS1;ASS1;PCK1;G6PC;TAT	8	0.7549572969964804	-0.519473135471344	-0.4175891578197479
VLP120_D_C2	VLP120_D	F2	lipid_metabolic_reprogramming	ACACA;FASN;SCD;DGAT2;PNPLA3;PLIN2;CD36;CPT1A;PPARA;APOB;MTTP	ACACA;FASN;SCD;DGAT2;PLIN2;CD36;CPT1A;PPARA;MTTP	9	0.43336970420843207	0.12854373455047607	-0.13350777328014374
VLP120_D_C2	VLP120_D	F2	steatosis_associated	PLIN2;CIDEC;CIDEA;SCD;FABP1;CD36;DGAT2	PLIN2;SCD;CD36;DGAT2	4	0.5970517402706964	-0.16637669503688812	-0.25764620304107666
VLP120_D_C2	VLP120_D	F2	inflammation	CCL2;CXCL8;IL1B;TNF;NFKBIA;S100A8;S100A9;LYZ;CD74	CCL2;NFKBIA;S100A9;LYZ	4	0.551454028300335	0.09056016802787781	-0.026627911254763603
VLP120_D_C2	VLP120_D	F2	extracellular_matrix_fibrosis	COL1A1;COL1A2;COL3A1;DCN;LUM;TIMP1;MMP2;SPP1;CXCL12;ACTA2;TAGLN	COL1A1;COL1A2;COL3A1;DCN;LUM;TIMP1;MMP2;CXCL12;ACTA2;TAGLN	10	0.8483667073712455	0.25981906056404114	0.038941916078329086
VLP120_D_C2	VLP120_D	F2	hepatocyte_zonation	CYP2E1;CYP3A4;GLUL;AXIN2;HAL;CPS1;ASS1;PCK1;G6PC;TAT	CYP3A4;GLUL;HAL;CPS1;ASS1;PCK1;G6PC;TAT	8	0.7969043766497644	-0.200487419962883	-0.44170957803726196
VLP120_D_C3	VLP120_D	F1	lipid_metabolic_reprogramming	ACACA;FASN;SCD;DGAT2;PNPLA3;PLIN2;CD36;CPT1A;PPARA;APOB;MTTP	ACACA;FASN;SCD;DGAT2;PLIN2;CD36;CPT1A;PPARA;MTTP	9	0.5030031263275344	-0.002221818780526519	-0.12965834140777588
VLP120_D_C3	VLP120_D	F1	steatosis_associated	PLIN2;CIDEC;CIDEA;SCD;FABP1;CD36;DGAT2	PLIN2;SCD;CD36;DGAT2	4	0.6112948648356613	-0.17853103578090668	-0.25303909182548523
VLP120_D_C3	VLP120_D	F1	inflammation	CCL2;CXCL8;IL1B;TNF;NFKBIA;S100A8;S100A9;LYZ;CD74	CCL2;NFKBIA;S100A9;LYZ	4	0.5578074910719458	-0.00565215153619647	-0.07591614872217178
VLP120_D_C3	VLP120_D	F1	extracellular_matrix_fibrosis	COL1A1;COL1A2;COL3A1;DCN;LUM;TIMP1;MMP2;SPP1;CXCL12;ACTA2;TAGLN	COL1A1;COL1A2;COL3A1;DCN;LUM;TIMP1;MMP2;CXCL12;ACTA2;TAGLN	10	0.7864668159209044	0.06131642684340477	-0.043374624103307724
VLP120_D_C3	VLP120_D	F1	hepatocyte_zonation	CYP2E1;CYP3A4;GLUL;AXIN2;HAL;CPS1;ASS1;PCK1;G6PC;TAT	CYP3A4;GLUL;HAL;CPS1;ASS1;PCK1;G6PC;TAT	8	0.573934004245388	-0.43238669633865356	-0.36838507652282715
VLP121_A_C1	VLP121_A	F2	lipid_metabolic_reprogramming	ACACA;FASN;SCD;DGAT2;PNPLA3;PLIN2;CD36;CPT1A;PPARA;APOB;MTTP	ACACA;FASN;SCD;DGAT2;PLIN2;CD36;CPT1A;PPARA;MTTP	9	0.6540635862269191	-0.024183573201298714	-0.14248967170715332
VLP121_A_C1	VLP121_A	F2	steatosis_associated	PLIN2;CIDEC;CIDEA;SCD;FABP1;CD36;DGAT2	PLIN2;SCD;CD36;DGAT2	4	0.7113105886442141	-0.26411402225494385	-0.2799546420574188
VLP121_A_C1	VLP121_A	F2	inflammation	CCL2;CXCL8;IL1B;TNF;NFKBIA;S100A8;S100A9;LYZ;CD74	CCL2;NFKBIA;S100A9;LYZ	4	0.7393937297472145	0.04636424779891968	-0.049638956785202026
VLP121_A_C1	VLP121_A	F2	extracellular_matrix_fibrosis	COL1A1;COL1A2;COL3A1;DCN;LUM;TIMP1;MMP2;SPP1;CXCL12;ACTA2;TAGLN	COL1A1;COL1A2;COL3A1;DCN;LUM;TIMP1;MMP2;CXCL12;ACTA2;TAGLN	10	0.9353932841381982	0.03252497315406799	0.024998623877763748
VLP121_A_C1	VLP121_A	F2	hepatocyte_zonation	CYP2E1;CYP3A4;GLUL;AXIN2;HAL;CPS1;ASS1;PCK1;G6PC;TAT	CYP3A4;GLUL;HAL;CPS1;ASS1;PCK1;G6PC;TAT	8	0.7837509444463528	-0.34625691175460815	-0.4194145202636719
VLP121_A_C2	VLP121_A	F4	lipid_metabolic_reprogramming	ACACA;FASN;SCD;DGAT2;PNPLA3;PLIN2;CD36;CPT1A;PPARA;APOB;MTTP	ACACA;FASN;SCD;DGAT2;PLIN2;CD36;CPT1A;PPARA;MTTP	9	0.6942330889283157	0.08809664100408554	-0.16296613216400146
VLP121_A_C2	VLP121_A	F4	steatosis_associated	PLIN2;CIDEC;CIDEA;SCD;FABP1;CD36;DGAT2	PLIN2;SCD;CD36;DGAT2	4	0.7558221246167025	-0.10356609523296356	-0.31512871384620667
VLP121_A_C2	VLP121_A	F4	inflammation	CCL2;CXCL8;IL1B;TNF;NFKBIA;S100A8;S100A9;LYZ;CD74	CCL2;NFKBIA;S100A9;LYZ	4	0.5901314343785543	0.14647826552391052	-0.006212741602212191
VLP121_A_C2	VLP121_A	F4	extracellular_matrix_fibrosis	COL1A1;COL1A2;COL3A1;DCN;LUM;TIMP1;MMP2;SPP1;CXCL12;ACTA2;TAGLN	COL1A1;COL1A2;COL3A1;DCN;LUM;TIMP1;MMP2;CXCL12;ACTA2;TAGLN	10	0.839222989128528	0.4039929509162903	0.14664892852306366
VLP121_A_C2	VLP121_A	F4	hepatocyte_zonation	CYP2E1;CYP3A4;GLUL;AXIN2;HAL;CPS1;ASS1;PCK1;G6PC;TAT	CYP3A4;GLUL;HAL;CPS1;ASS1;PCK1;G6PC;TAT	8	0.7959736130967036	-0.5969878435134888	-0.5466297268867493
VLP121_A_C3	VLP121_A	F4	lipid_metabolic_reprogramming	ACACA;FASN;SCD;DGAT2;PNPLA3;PLIN2;CD36;CPT1A;PPARA;APOB;MTTP	ACACA;FASN;SCD;DGAT2;PLIN2;CD36;CPT1A;PPARA;MTTP	9	0.7038251966533995	-0.03644789382815361	-0.14931516349315643
VLP121_A_C3	VLP121_A	F4	steatosis_associated	PLIN2;CIDEC;CIDEA;SCD;FABP1;CD36;DGAT2	PLIN2;SCD;CD36;DGAT2	4	0.777847066765216	-0.2522779703140259	-0.29120567440986633
VLP121_A_C3	VLP121_A	F4	inflammation	CCL2;CXCL8;IL1B;TNF;NFKBIA;S100A8;S100A9;LYZ;CD74	CCL2;NFKBIA;S100A9;LYZ	4	0.6697126682782817	0.16094395518302917	-0.013606802560389042
VLP121_A_C3	VLP121_A	F4	extracellular_matrix_fibrosis	COL1A1;COL1A2;COL3A1;DCN;LUM;TIMP1;MMP2;SPP1;CXCL12;ACTA2;TAGLN	COL1A1;COL1A2;COL3A1;DCN;LUM;TIMP1;MMP2;CXCL12;ACTA2;TAGLN	10	0.9289853782234541	0.2645723521709442	0.10961461067199707
VLP121_A_C3	VLP121_A	F4	hepatocyte_zonation	CYP2E1;CYP3A4;GLUL;AXIN2;HAL;CPS1;ASS1;PCK1;G6PC;TAT	CYP3A4;GLUL;HAL;CPS1;ASS1;PCK1;G6PC;TAT	8	0.8967609547541212	-0.4288678467273712	-0.4663119316101074
VLP121_A_C4	VLP121_A	F4	lipid_metabolic_reprogramming	ACACA;FASN;SCD;DGAT2;PNPLA3;PLIN2;CD36;CPT1A;PPARA;APOB;MTTP	ACACA;FASN;SCD;DGAT2;PLIN2;CD36;CPT1A;PPARA;MTTP	9	0.4746440117462388	0.36865055561065674	-0.07355770468711853
VLP121_A_C4	VLP121_A	F4	steatosis_associated	PLIN2;CIDEC;CIDEA;SCD;FABP1;CD36;DGAT2	PLIN2;SCD;CD36;DGAT2	4	0.5285220200931174	0.08736776560544968	-0.13851220905780792
VLP121_A_C4	VLP121_A	F4	inflammation	CCL2;CXCL8;IL1B;TNF;NFKBIA;S100A8;S100A9;LYZ;CD74	CCL2;NFKBIA;S100A9;LYZ	4	0.5074508506028029	0.22905831038951874	0.02930261194705963
VLP121_A_C4	VLP121_A	F4	extracellular_matrix_fibrosis	COL1A1;COL1A2;COL3A1;DCN;LUM;TIMP1;MMP2;SPP1;CXCL12;ACTA2;TAGLN	COL1A1;COL1A2;COL3A1;DCN;LUM;TIMP1;MMP2;CXCL12;ACTA2;TAGLN	10	0.8833015237661708	0.3480472266674042	0.09209366142749786
VLP121_A_C4	VLP121_A	F4	hepatocyte_zonation	CYP2E1;CYP3A4;GLUL;AXIN2;HAL;CPS1;ASS1;PCK1;G6PC;TAT	CYP3A4;GLUL;HAL;CPS1;ASS1;PCK1;G6PC;TAT	8	0.839879898486577	0.046280112117528915	-0.3093278110027313
VLP121_D_C1	VLP121_D	F4	lipid_metabolic_reprogramming	ACACA;FASN;SCD;DGAT2;PNPLA3;PLIN2;CD36;CPT1A;PPARA;APOB;MTTP	ACACA;FASN;SCD;DGAT2;PLIN2;CD36;CPT1A;PPARA;MTTP	9	0.5629330688176208	0.06630893796682358	-0.14560899138450623
VLP121_D_C1	VLP121_D	F4	steatosis_associated	PLIN2;CIDEC;CIDEA;SCD;FABP1;CD36;DGAT2	PLIN2;SCD;CD36;DGAT2	4	0.5678141883247032	-0.12661370635032654	-0.28375929594039917
VLP121_D_C1	VLP121_D	F4	inflammation	CCL2;CXCL8;IL1B;TNF;NFKBIA;S100A8;S100A9;LYZ;CD74	CCL2;NFKBIA;S100A9;LYZ	4	0.5670165590488306	0.045457109808921814	-0.0421847328543663
VLP121_D_C1	VLP121_D	F4	extracellular_matrix_fibrosis	COL1A1;COL1A2;COL3A1;DCN;LUM;TIMP1;MMP2;SPP1;CXCL12;ACTA2;TAGLN	COL1A1;COL1A2;COL3A1;DCN;LUM;TIMP1;MMP2;CXCL12;ACTA2;TAGLN	10	0.7161599836576887	0.3262825310230255	0.08279409259557724
VLP121_D_C1	VLP121_D	F4	hepatocyte_zonation	CYP2E1;CYP3A4;GLUL;AXIN2;HAL;CPS1;ASS1;PCK1;G6PC;TAT	CYP3A4;GLUL;HAL;CPS1;ASS1;PCK1;G6PC;TAT	8	0.6964755269264732	-0.5433480739593506	-0.5224093794822693
VLP121_D_C2	VLP121_D	F0	lipid_metabolic_reprogramming	ACACA;FASN;SCD;DGAT2;PNPLA3;PLIN2;CD36;CPT1A;PPARA;APOB;MTTP	ACACA;FASN;SCD;DGAT2;PLIN2;CD36;CPT1A;PPARA;MTTP	9	0.5557484410630216	0.24687901139259338	-0.12417667359113693
VLP121_D_C2	VLP121_D	F0	steatosis_associated	PLIN2;CIDEC;CIDEA;SCD;FABP1;CD36;DGAT2	PLIN2;SCD;CD36;DGAT2	4	0.5892143606800672	0.06571540236473083	-0.2526501417160034
VLP121_D_C2	VLP121_D	F0	inflammation	CCL2;CXCL8;IL1B;TNF;NFKBIA;S100A8;S100A9;LYZ;CD74	CCL2;NFKBIA;S100A9;LYZ	4	0.5645963013092544	-0.0019649669993668795	-0.05153556540608406
VLP121_D_C2	VLP121_D	F0	extracellular_matrix_fibrosis	COL1A1;COL1A2;COL3A1;DCN;LUM;TIMP1;MMP2;SPP1;CXCL12;ACTA2;TAGLN	COL1A1;COL1A2;COL3A1;DCN;LUM;TIMP1;MMP2;CXCL12;ACTA2;TAGLN	10	0.7897544900297528	-0.05259999632835388	-0.025916319340467453
VLP121_D_C2	VLP121_D	F0	hepatocyte_zonation	CYP2E1;CYP3A4;GLUL;AXIN2;HAL;CPS1;ASS1;PCK1;G6PC;TAT	CYP3A4;GLUL;HAL;CPS1;ASS1;PCK1;G6PC;TAT	8	0.6059340998614045	0.11622240394353867	-0.4143439829349518
VLP121_D_C3	VLP121_D	F0	lipid_metabolic_reprogramming	ACACA;FASN;SCD;DGAT2;PNPLA3;PLIN2;CD36;CPT1A;PPARA;APOB;MTTP	ACACA;FASN;SCD;DGAT2;PLIN2;CD36;CPT1A;PPARA;MTTP	9	0.370220504712749	0.45506545901298523	-0.10549448430538177
VLP121_D_C3	VLP121_D	F0	steatosis_associated	PLIN2;CIDEC;CIDEA;SCD;FABP1;CD36;DGAT2	PLIN2;SCD;CD36;DGAT2	4	0.44873005206431155	0.32483354210853577	-0.2205996811389923
VLP121_D_C3	VLP121_D	F0	inflammation	CCL2;CXCL8;IL1B;TNF;NFKBIA;S100A8;S100A9;LYZ;CD74	CCL2;NFKBIA;S100A9;LYZ	4	0.5674851716234548	0.02873384580016136	-0.08271773904561996
VLP121_D_C3	VLP121_D	F0	extracellular_matrix_fibrosis	COL1A1;COL1A2;COL3A1;DCN;LUM;TIMP1;MMP2;SPP1;CXCL12;ACTA2;TAGLN	COL1A1;COL1A2;COL3A1;DCN;LUM;TIMP1;MMP2;CXCL12;ACTA2;TAGLN	10	0.6041673763561255	-0.019731372594833374	0.013235198333859444
VLP121_D_C3	VLP121_D	F0	hepatocyte_zonation	CYP2E1;CYP3A4;GLUL;AXIN2;HAL;CPS1;ASS1;PCK1;G6PC;TAT	CYP3A4;GLUL;HAL;CPS1;ASS1;PCK1;G6PC;TAT	8	0.48663896519176425	-0.13862092792987823	-0.36801499128341675
VLP121_D_C4	VLP121_D	F3b	lipid_metabolic_reprogramming	ACACA;FASN;SCD;DGAT2;PNPLA3;PLIN2;CD36;CPT1A;PPARA;APOB;MTTP	ACACA;FASN;SCD;DGAT2;PLIN2;CD36;CPT1A;PPARA;MTTP	9	0.6206614524674	0.3147273659706116	-0.13146302103996277
VLP121_D_C4	VLP121_D	F3b	steatosis_associated	PLIN2;CIDEC;CIDEA;SCD;FABP1;CD36;DGAT2	PLIN2;SCD;CD36;DGAT2	4	0.7486283390233603	0.1779908686876297	-0.26598188281059265
VLP121_D_C4	VLP121_D	F3b	inflammation	CCL2;CXCL8;IL1B;TNF;NFKBIA;S100A8;S100A9;LYZ;CD74	CCL2;NFKBIA;S100A9;LYZ	4	0.48808442083206793	0.1599499136209488	0.0038109440356492996
VLP121_D_C4	VLP121_D	F3b	extracellular_matrix_fibrosis	COL1A1;COL1A2;COL3A1;DCN;LUM;TIMP1;MMP2;SPP1;CXCL12;ACTA2;TAGLN	COL1A1;COL1A2;COL3A1;DCN;LUM;TIMP1;MMP2;CXCL12;ACTA2;TAGLN	10	0.7535890401420507	0.48268115520477295	0.1393400877714157
VLP121_D_C4	VLP121_D	F3b	hepatocyte_zonation	CYP2E1;CYP3A4;GLUL;AXIN2;HAL;CPS1;ASS1;PCK1;G6PC;TAT	CYP3A4;GLUL;HAL;CPS1;ASS1;PCK1;G6PC;TAT	8	0.705880441855221	-0.5928454399108887	-0.5395267605781555
VLP121_D_C5	VLP121_D	F3b	lipid_metabolic_reprogramming	ACACA;FASN;SCD;DGAT2;PNPLA3;PLIN2;CD36;CPT1A;PPARA;APOB;MTTP	ACACA;FASN;SCD;DGAT2;PLIN2;CD36;CPT1A;PPARA;MTTP	9	0.4610542785966985	0.3247426152229309	-0.13313384354114532
VLP121_D_C5	VLP121_D	F3b	steatosis_associated	PLIN2;CIDEC;CIDEA;SCD;FABP1;CD36;DGAT2	PLIN2;SCD;CD36;DGAT2	4	0.6004292859014518	0.1692919135093689	-0.2704041004180908
VLP121_D_C5	VLP121_D	F3b	inflammation	CCL2;CXCL8;IL1B;TNF;NFKBIA;S100A8;S100A9;LYZ;CD74	CCL2;NFKBIA;S100A9;LYZ	4	0.47312197912249837	0.0867038294672966	-0.028884951025247574
VLP121_D_C5	VLP121_D	F3b	extracellular_matrix_fibrosis	COL1A1;COL1A2;COL3A1;DCN;LUM;TIMP1;MMP2;SPP1;CXCL12;ACTA2;TAGLN	COL1A1;COL1A2;COL3A1;DCN;LUM;TIMP1;MMP2;CXCL12;ACTA2;TAGLN	10	0.8262967984041073	0.238589808344841	0.009704695083200932
VLP121_D_C5	VLP121_D	F3b	hepatocyte_zonation	CYP2E1;CYP3A4;GLUL;AXIN2;HAL;CPS1;ASS1;PCK1;G6PC;TAT	CYP3A4;GLUL;HAL;CPS1;ASS1;PCK1;G6PC;TAT	8	0.7162480563249133	-0.4696081876754761	-0.450263649225235
